CustomerID,Recency,RecencyCluster,Frequency,FrequencyCluster,Revenue,RevenueCluster,OverallScore,Segment_High-Value,Segment_Low-Value,Segment_Mid-Value,NextPurchaseDayRange
12578,255,0,76,0,691096.14,0,0,False,True,False,0
12829,261,0,12,0,96552.96,0,0,False,True,False,0
12967,240,0,20,0,998613.61,0,0,False,True,False,0
13329,293,0,9,0,95908.79,0,0,False,True,False,0
13506,251,0,29,0,182924.53,0,0,False,True,False,0
13672,240,0,16,0,-39552.240000000005,0,0,False,True,False,0
13680,275,0,91,0,902209.7200000001,0,0,False,True,False,0
13819,240,0,36,0,1826980.1,0,0,False,True,False,0
13963,247,0,35,0,400455.47,0,0,False,True,False,0
14176,236,0,32,0,349377.97000000003,0,0,False,True,False,0
14229,230,0,29,0,223608.21,0,0,False,True,False,0
15100,268,0,6,0,92799.42,0,0,False,True,False,0
15107,250,0,20,0,79599.3,0,0,False,True,False,0
15881,250,0,32,0,124519.69,0,0,False,True,False,0
15983,299,0,80,0,951661.1,0,0,False,True,False,0
16499,299,0,22,0,48582.560000000005,0,0,False,True,False,0
16725,240,0,142,0,292886.95,0,0,False,True,False,0
17062,252,0,70,0,347367.02999999997,0,0,False,True,False,0
17095,237,0,36,0,124323.23,0,0,False,True,False,0
17334,239,0,12,0,100432.26,0,0,False,True,False,0
17406,269,0,110,0,764242.57,0,0,False,True,False,0
17796,252,0,76,0,86501.04000000001,0,0,False,True,False,0
17884,250,0,91,0,511550.84,0,0,False,True,False,0
17912,249,0,39,0,91897.73,0,0,False,True,False,0
17951,293,0,10,0,41503.22,0,0,False,True,False,0
12347,68,2,124,0,1085038.72,0,2,False,True,False,0
12359,128,2,145,0,425018.26,0,2,False,True,False,0
12383,123,2,100,0,816497.38,0,2,False,True,False,0
12399,58,2,59,0,847793.71,0,2,False,True,False,0
12407,72,2,64,0,1100327.45,0,2,False,True,False,0
12429,111,2,70,0,544416.92,0,2,False,True,False,0
12463,114,2,64,0,637027.85,0,2,False,True,False,0
12468,82,2,40,0,175569.35,0,2,False,True,False,0
12480,82,2,114,0,1266756.48,0,2,False,True,False,0
12493,104,2,23,0,109552.04,0,2,False,True,False,0
12494,96,2,56,0,300014.28,0,2,False,True,False,0
12507,72,2,23,0,241797.25,0,2,False,True,False,0
12594,60,2,94,0,1334082.78,0,2,False,True,False,0
12599,65,2,48,0,737898.22,0,2,False,True,False,0
12601,128,2,29,0,142574.29,0,2,False,True,False,0
12633,68,2,88,0,874833.59,0,2,False,True,False,0
12643,67,2,24,0,1701438.68,0,2,False,True,False,0
12669,89,2,102,0,635263.3,0,2,False,True,False,0
12691,84,2,21,0,339823.38,0,2,False,True,False,0
12693,59,2,41,0,134662.62,0,2,False,True,False,0
12775,128,2,53,0,919686.23,0,2,False,True,False,0
12779,128,2,111,0,2459159.58,0,2,False,True,False,0
12782,88,2,93,0,1026319.59,0,2,False,True,False,0
12836,76,2,125,0,1040603.6,0,2,False,True,False,0
12840,82,2,116,0,1496714.1199999999,0,2,False,True,False,0
12868,124,2,107,0,978401.3099999999,0,2,False,True,False,0
12891,124,2,3,0,1145300.0,0,2,False,True,False,0
12916,77,2,105,0,1527212.27,0,2,False,True,False,0
12928,86,2,54,0,677765.1799999999,0,2,False,True,False,0
12942,70,2,70,0,217817.94999999998,0,2,False,True,False,0
12947,82,2,103,0,883259.89,0,2,False,True,False,0
12951,102,2,47,0,250251.93,0,2,False,True,False,0
12980,94,2,22,0,3074329.72,0,2,False,True,False,0
12993,59,2,24,0,205526.6,0,2,False,True,False,0
12999,135,2,28,0,114726.0,0,2,False,True,False,0
13005,112,2,29,0,91819.82,0,2,False,True,False,0
13015,135,2,88,0,783438.06,0,2,False,True,False,0
13037,77,2,48,0,369645.52,0,2,False,True,False,0
13082,65,2,75,0,3048261.34,0,2,False,True,False,0
13085,96,2,29,0,165511.32,0,2,False,True,False,0
13110,76,2,105,0,332443.48,0,2,False,True,False,0
13117,60,2,66,0,541011.87,0,2,False,True,False,0
13157,80,2,45,0,445350.07,0,2,False,True,False,0
13162,61,2,81,0,1247476.68,0,2,False,True,False,0
13208,94,2,111,0,479006.7,0,2,False,True,False,0
13213,67,2,53,0,353326.14,0,2,False,True,False,0
13217,61,2,7,0,43781.04,0,2,False,True,False,0
13225,81,2,23,0,2746302.2,0,2,False,True,False,0
13246,115,2,112,0,1960215.91,0,2,False,True,False,0
13280,61,2,82,0,528865.69,0,2,False,True,False,0
13285,100,2,137,0,1143389.74,0,2,False,True,False,0
13313,79,2,47,0,403478.62,0,2,False,True,False,0
13338,93,2,24,0,240459.75999999998,0,2,False,True,False,0
13414,72,2,24,0,840069.77,0,2,False,True,False,0
13420,73,2,10,0,137031.19999999998,0,2,False,True,False,0
13475,130,2,86,0,1400264.76,0,2,False,True,False,0
13476,117,2,61,0,405461.21,0,2,False,True,False,0
13477,77,2,51,0,467113.42,0,2,False,True,False,0
13479,136,2,16,0,58790.85,0,2,False,True,False,0
13491,86,2,76,0,758405.86,0,2,False,True,False,0
13492,75,2,50,0,325108.76,0,2,False,True,False,0
13520,67,2,74,0,640166.16,0,2,False,True,False,0
13523,115,2,107,0,748278.96,0,2,False,True,False,0
13564,83,2,83,0,862861.9,0,2,False,True,False,0
13590,79,2,53,0,1361646.0699999998,0,2,False,True,False,0
13632,112,2,85,0,390050.76,0,2,False,True,False,0
13636,61,2,42,0,373842.99,0,2,False,True,False,0
13654,84,2,109,0,856395.05,0,2,False,True,False,0
13659,135,2,107,0,528366.46,0,2,False,True,False,0
13717,67,2,71,0,804882.41,0,2,False,True,False,0
13722,59,2,86,0,1326672.22,0,2,False,True,False,0
13750,79,2,19,0,1172213.34,0,2,False,True,False,0
13752,63,2,75,0,1050703.82,0,2,False,True,False,0
13811,122,2,14,0,32103.48,0,2,False,True,False,0
13815,87,2,137,0,2235438.88,0,2,False,True,False,0
13824,74,2,36,0,510983.74,0,2,False,True,False,0
13856,107,2,17,0,618956.96,0,2,False,True,False,0
13865,75,2,23,0,159713.38999999998,0,2,False,True,False,0
13873,58,2,24,0,69219.72,0,2,False,True,False,0
13875,72,2,81,0,1124675.61,0,2,False,True,False,0
13900,121,2,43,0,429108.67,0,2,False,True,False,0
13911,83,2,144,0,1372373.36,0,2,False,True,False,0
13929,108,2,10,0,148899.73,0,2,False,True,False,0
13951,114,2,39,0,338892.24,0,2,False,True,False,0
13956,77,2,108,0,480317.35,0,2,False,True,False,0
13982,102,2,77,0,967939.5700000001,0,2,False,True,False,0
13984,65,2,13,0,404313.24,0,2,False,True,False,0
14001,109,2,25,0,941559.5,0,2,False,True,False,0
14021,94,2,22,0,58673.26,0,2,False,True,False,0
14083,65,2,98,0,295808.2,0,2,False,True,False,0
14127,61,2,44,0,262521.47,0,2,False,True,False,0
14133,68,2,30,0,196223.84,0,2,False,True,False,0
14145,72,2,9,0,682726.9199999999,0,2,False,True,False,0
14167,103,2,39,0,65030.83,0,2,False,True,False,0
14209,60,2,82,0,715349.37,0,2,False,True,False,0
14214,95,2,60,0,491967.78,0,2,False,True,False,0
14231,118,2,54,0,275200.04,0,2,False,True,False,0
14245,115,2,112,0,633511.36,0,2,False,True,False,0
14264,93,2,19,0,11035.01,0,2,False,True,False,0
14267,89,2,66,0,213266.34,0,2,False,True,False,0
14273,75,2,23,0,193706.81,0,2,False,True,False,0
14289,73,2,42,0,206267.64,0,2,False,True,False,0
14293,86,2,40,0,385928.67,0,2,False,True,False,0
14315,68,2,68,0,634963.39,0,2,False,True,False,0
14338,97,2,34,0,242595.66,0,2,False,True,False,0
14341,69,2,67,0,409373.78,0,2,False,True,False,0
14342,76,2,14,0,322528.7099999999,0,2,False,True,False,0
14344,66,2,71,0,314120.84,0,2,False,True,False,0
14352,96,2,47,0,636906.76,0,2,False,True,False,0
14390,83,2,145,0,703263.19,0,2,False,True,False,0
14403,69,2,26,0,77122.61,0,2,False,True,False,0
14442,136,2,67,0,366263.14,0,2,False,True,False,0
14443,77,2,70,0,631781.99,0,2,False,True,False,0
14450,119,2,39,0,137242.53,0,2,False,True,False,0
14541,107,2,102,0,492839.41,0,2,False,True,False,0
14577,102,2,90,0,360191.85,0,2,False,True,False,0
14584,107,2,99,0,481988.62,0,2,False,True,False,0
14621,65,2,51,0,222420.81,0,2,False,True,False,0
14625,124,2,57,0,250078.85,0,2,False,True,False,0
14639,59,2,118,0,1061510.58,0,2,False,True,False,0
14640,66,2,76,0,362414.36,0,2,False,True,False,0
14643,109,2,34,0,357382.21,0,2,False,True,False,0
14657,93,2,94,0,185580.9,0,2,False,True,False,0
14692,76,2,69,0,255204.09999999998,0,2,False,True,False,0
14708,93,2,15,0,178861.24,0,2,False,True,False,0
14740,130,2,92,0,347282.02,0,2,False,True,False,0
14748,62,2,77,0,612553.25,0,2,False,True,False,0
14758,83,2,71,0,277916.09,0,2,False,True,False,0
14803,101,2,44,0,174991.66,0,2,False,True,False,0
14828,135,2,17,0,1819485.44,0,2,False,True,False,0
14829,123,2,37,0,130397.7,0,2,False,True,False,0
14841,118,2,106,0,821129.53,0,2,False,True,False,0
14867,124,2,37,0,554930.28,0,2,False,True,False,0
14871,117,2,58,0,132250.19,0,2,False,True,False,0
14898,73,2,70,0,1049635.07,0,2,False,True,False,0
14905,93,2,18,0,461850.7,0,2,False,True,False,0
14913,122,2,62,0,1018685.05,0,2,False,True,False,0
14958,86,2,41,0,46143.65,0,2,False,True,False,0
15027,107,2,33,0,800661.1000000001,0,2,False,True,False,0
15045,90,2,13,0,111854.72,0,2,False,True,False,0
15065,103,2,141,0,750712.82,0,2,False,True,False,0
15104,105,2,69,0,321627.19,0,2,False,True,False,0
15108,80,2,61,0,190877.63,0,2,False,True,False,0
15110,60,2,21,0,128797.69,0,2,False,True,False,0
15128,65,2,89,0,752834.9400000001,0,2,False,True,False,0
15133,66,2,24,0,348364.3,0,2,False,True,False,0
15146,103,2,95,0,615941.29,0,2,False,True,False,0
15157,62,2,97,0,958154.24,0,2,False,True,False,0
15192,58,2,51,0,1073262.32,0,2,False,True,False,0
15245,72,2,89,0,1222715.51,0,2,False,True,False,0
15281,75,2,141,0,726397.16,0,2,False,True,False,0
15288,94,2,79,0,101117.34,0,2,False,True,False,0
15289,74,2,49,0,986347.2000000001,0,2,False,True,False,0
15329,73,2,45,0,286123.3,0,2,False,True,False,0
15334,95,2,98,0,286556.67,0,2,False,True,False,0
15384,108,2,43,0,434689.56,0,2,False,True,False,0
15407,122,2,62,0,119318.16,0,2,False,True,False,0
15482,104,2,21,0,1004941.01,0,2,False,True,False,0
15508,128,2,92,0,293975.48,0,2,False,True,False,0
15530,88,2,92,0,275429.39,0,2,False,True,False,0
15535,112,2,75,0,116874.47,0,2,False,True,False,0
15574,116,2,152,0,253350.22,0,2,False,True,False,0
15581,59,2,147,0,288339.06,0,2,False,True,False,0
15643,117,2,36,0,104591.2,0,2,False,True,False,0
15646,96,2,36,0,245942.95,0,2,False,True,False,0
15656,117,2,35,0,152743.98,0,2,False,True,False,0
15658,129,2,56,0,116746.79,0,2,False,True,False,0
15704,79,2,117,0,1309150.25,0,2,False,True,False,0
15713,82,2,20,0,203793.16,0,2,False,True,False,0
15716,84,2,117,0,655915.1699999999,0,2,False,True,False,0
15780,122,2,29,0,263341.21,0,2,False,True,False,0
15781,73,2,12,0,71469.75,0,2,False,True,False,0
15785,96,2,57,0,961193.87,0,2,False,True,False,0
15809,123,2,27,0,114905.2,0,2,False,True,False,0
15819,70,2,101,0,565273.38,0,2,False,True,False,0
15835,76,2,35,0,242531.0,0,2,False,True,False,0
15855,75,2,80,0,215721.71,0,2,False,True,False,0
15985,61,2,38,0,433399.24000000005,0,2,False,True,False,0
15987,59,2,77,0,839821.9500000001,0,2,False,True,False,0
16003,73,2,58,0,480298.99,0,2,False,True,False,0
16019,75,2,107,0,926635.75,0,2,False,True,False,0
16034,135,2,22,0,187840.78999999998,0,2,False,True,False,0
16038,116,2,25,0,163830.32,0,2,False,True,False,0
16045,58,2,83,0,617305.07,0,2,False,True,False,0
16062,72,2,48,0,438077.67,0,2,False,True,False,0
16112,82,2,16,0,258316.30000000002,0,2,False,True,False,0
16146,96,2,29,0,563825.5700000001,0,2,False,True,False,0
16174,65,2,23,0,375964.87,0,2,False,True,False,0
16188,80,2,52,0,457233.03,0,2,False,True,False,0
16203,86,2,25,0,162473.41999999998,0,2,False,True,False,0
16206,63,2,55,0,66261.51,0,2,False,True,False,0
16214,109,2,44,0,291941.06,0,2,False,True,False,0
16224,79,2,66,0,311270.96,0,2,False,True,False,0
16225,88,2,129,0,510448.61,0,2,False,True,False,0
16258,66,2,89,0,919273.8400000001,0,2,False,True,False,0
16271,64,2,76,0,813670.36,0,2,False,True,False,0
16317,58,2,69,0,681215.89,0,2,False,True,False,0
16325,94,2,14,0,99813.68,0,2,False,True,False,0
16356,136,2,32,0,131057.01,0,2,False,True,False,0
16365,62,2,36,0,280912.37,0,2,False,True,False,0
16398,83,2,86,0,808159.07,0,2,False,True,False,0
16449,129,2,43,0,445954.32,0,2,False,True,False,0
16473,103,2,19,0,40275.02,0,2,False,True,False,0
16484,112,2,26,0,181070.04,0,2,False,True,False,0
16496,129,2,73,0,369412.11,0,2,False,True,False,0
16520,125,2,157,0,492270.23,0,2,False,True,False,0
16566,109,2,10,0,292929.04,0,2,False,True,False,0
16570,66,2,84,0,2298966.0999999996,0,2,False,True,False,0
16571,96,2,68,0,641671.13,0,2,False,True,False,0
16572,65,2,58,0,250106.69,0,2,False,True,False,0
16592,75,2,133,0,1983129.48,0,2,False,True,False,0
16612,58,2,51,0,427151.37,0,2,False,True,False,0
16621,86,2,22,0,235221.79,0,2,False,True,False,0
16654,80,2,31,0,73143.31,0,2,False,True,False,0
16696,74,2,10,0,49249.520000000004,0,2,False,True,False,0
16701,68,2,118,0,3013507.8,0,2,False,True,False,0
16711,79,2,10,0,122686.33,0,2,False,True,False,0
16726,135,2,97,0,231269.99,0,2,False,True,False,0
16728,105,2,139,0,187464.14,0,2,False,True,False,0
16791,61,2,144,0,341454.45999999996,0,2,False,True,False,0
16801,102,2,120,0,203266.52,0,2,False,True,False,0
16807,81,2,67,0,454398.23,0,2,False,True,False,0
16817,114,2,69,0,256683.09,0,2,False,True,False,0
16832,123,2,12,0,5309.27,0,2,False,True,False,0
16837,96,2,91,0,528627.45,0,2,False,True,False,0
16838,136,2,26,0,289516.11,0,2,False,True,False,0
16866,79,2,11,0,32086.489999999998,0,2,False,True,False,0
16889,133,2,135,0,576752.15,0,2,False,True,False,0
16898,116,2,99,0,166661.85,0,2,False,True,False,0
16907,86,2,109,0,275090.87,0,2,False,True,False,0
16915,66,2,31,0,80008.66,0,2,False,True,False,0
16948,77,2,19,0,847830.6,0,2,False,True,False,0
16949,117,2,33,0,284848.67,0,2,False,True,False,0
16951,62,2,87,0,858713.8200000001,0,2,False,True,False,0
16954,63,2,40,0,836575.37,0,2,False,True,False,0
16955,123,2,26,0,231558.32,0,2,False,True,False,0
16966,102,2,24,0,526805.78,0,2,False,True,False,0
16979,86,2,20,0,144333.64,0,2,False,True,False,0
16987,108,2,42,0,37598.59,0,2,False,True,False,0
16998,88,2,6,0,2960.7,0,2,False,True,False,0
17007,93,2,34,0,266384.61,0,2,False,True,False,0
17042,60,2,88,0,570418.35,0,2,False,True,False,0
17054,73,2,74,0,835017.97,0,2,False,True,False,0
17063,97,2,40,0,316233.66,0,2,False,True,False,0
17096,75,2,25,0,160482.61,0,2,False,True,False,0
17114,77,2,96,0,157218.72,0,2,False,True,False,0
17115,118,2,36,0,157648.13999999998,0,2,False,True,False,0
17162,70,2,90,0,1069311.56,0,2,False,True,False,0
17175,75,2,57,0,558176.85,0,2,False,True,False,0
17179,116,2,80,0,235928.04,0,2,False,True,False,0
17188,103,2,61,0,515966.33,0,2,False,True,False,0
17204,108,2,67,0,500694.8,0,2,False,True,False,0
17211,119,2,143,0,640545.84,0,2,False,True,False,0
17213,80,2,106,0,658562.64,0,2,False,True,False,0
17236,118,2,73,0,664491.5399999999,0,2,False,True,False,0
17272,135,2,81,0,929626.7000000001,0,2,False,True,False,0
17282,69,2,89,0,1863910.04,0,2,False,True,False,0
17312,77,2,14,0,236794.99000000005,0,2,False,True,False,0
17314,87,2,68,0,678332.77,0,2,False,True,False,0
17375,128,2,71,0,193100.96,0,2,False,True,False,0
17412,135,2,35,0,315950.83,0,2,False,True,False,0
17429,59,2,42,0,367786.71,0,2,False,True,False,0
17440,86,2,8,0,156402.34,0,2,False,True,False,0
17444,86,2,135,0,1622271.37,0,2,False,True,False,0
17454,131,2,61,0,383144.96,0,2,False,True,False,0
17457,65,2,19,0,654260.87,0,2,False,True,False,0
17463,110,2,123,0,835955.49,0,2,False,True,False,0
17470,66,2,58,0,963580.0599999999,0,2,False,True,False,0
17512,60,2,76,0,1688952.71,0,2,False,True,False,0
17516,58,2,112,0,332344.93,0,2,False,True,False,0
17519,72,2,67,0,1063803.32,0,2,False,True,False,0
17522,77,2,66,0,630462.89,0,2,False,True,False,0
17571,84,2,75,0,415018.52999999997,0,2,False,True,False,0
17579,59,2,19,0,71538.37,0,2,False,True,False,0
17615,69,2,14,0,129121.43000000001,0,2,False,True,False,0
17616,112,2,3,0,715899.52,0,2,False,True,False,0
17621,130,2,15,0,158176.16,0,2,False,True,False,0
17648,101,2,66,0,185609.81,0,2,False,True,False,0
17671,73,2,52,0,322751.18,0,2,False,True,False,0
17692,66,2,47,0,689371.77,0,2,False,True,False,0
17723,65,2,10,0,660795.76,0,2,False,True,False,0
17738,82,2,79,0,631737.05,0,2,False,True,False,0
17765,97,2,56,0,59778.83,0,2,False,True,False,0
17787,91,2,128,0,1022361.33,0,2,False,True,False,0
17809,68,2,37,0,604356.1,0,2,False,True,False,0
17861,74,2,137,0,590601.85,0,2,False,True,False,0
17874,124,2,47,0,96245.31999999999,0,2,False,True,False,0
17897,111,2,109,0,114579.76000000001,0,2,False,True,False,0
17966,90,2,61,0,849657.88,0,2,False,True,False,0
17980,104,2,30,0,559223.3,0,2,False,True,False,0
17994,60,2,82,0,331983.48,0,2,False,True,False,0
18037,93,2,19,0,4724.38,0,2,False,True,False,0
18062,112,2,27,0,135751.54,0,2,False,True,False,0
18142,90,2,18,0,409170.99,0,2,False,True,False,0
18168,114,2,139,0,834405.39,0,2,False,True,False,0
18177,96,2,60,0,511281.43999999994,0,2,False,True,False,0
18190,131,2,16,0,93364.99,0,2,False,True,False,0
18193,89,2,18,0,10768.780000000002,0,2,False,True,False,0
18219,88,2,80,0,720909.39,0,2,False,True,False,0
18231,131,2,124,0,635783.39,0,2,False,True,False,0
18245,88,2,122,0,870201.43,0,2,False,True,False,0
18260,111,2,139,0,2222293.4,0,2,False,True,False,0
12348,14,3,31,0,1839896.72,0,3,False,False,True,0
12352,11,3,77,0,492339.52999999997,0,3,False,False,True,1
12362,11,3,150,0,777433.16,0,3,False,False,True,2
12372,10,3,52,0,154839.32,0,3,False,False,True,0
12379,20,3,41,0,283635.53,0,3,False,False,True,0
12388,14,3,92,0,599893.24,0,3,False,False,True,0
12393,11,3,64,0,799590.79,0,3,False,False,True,0
12395,5,3,115,0,1492683.52,0,3,False,False,True,1
12408,37,3,88,0,396217.31,0,3,False,False,True,0
12412,13,3,61,0,342213.39,0,3,False,False,True,0
12413,5,3,40,0,337193.27,0,3,False,False,True,0
12417,45,3,152,0,778719.74,0,3,False,False,True,0
12421,53,3,37,0,672056.8,0,3,False,False,True,0
12422,34,3,39,0,250992.39,0,3,False,False,True,0
12423,37,3,108,0,826561.9299999999,0,3,False,False,True,0
12434,23,3,54,0,199242.86000000002,0,3,False,False,True,0
12437,16,3,113,0,2024835.03,0,3,False,False,True,1
12444,24,3,125,0,560407.76,0,3,False,False,True,1
12449,30,3,132,0,640177.65,0,3,False,False,True,0
12455,12,3,90,0,1954099.54,0,3,False,False,True,0
12456,47,3,90,0,540162.39,0,3,False,False,True,0
12457,5,3,67,0,315750.05,0,3,False,False,True,2
12464,45,3,21,0,37950.33,0,3,False,False,True,0
12473,53,3,72,0,503554.47,0,3,False,False,True,0
12476,23,3,146,0,1070328.43,0,3,False,False,True,1
12483,37,3,56,0,750174.1,0,3,False,False,True,0
12500,3,3,41,0,175460.26,0,3,False,False,True,2
12502,34,3,146,0,884436.98,0,3,False,False,True,0
12520,18,3,155,0,1143117.18,0,3,False,False,True,0
12523,2,3,79,0,601662.52,0,3,False,False,True,2
12524,2,3,139,0,2206704.02,0,3,False,False,True,0
12527,20,3,18,0,242368.0,0,3,False,False,True,0
12528,2,3,83,0,853167.89,0,3,False,False,True,0
12530,47,3,48,0,551102.2,0,3,False,False,True,1
12553,49,3,138,0,1363213.28,0,3,False,False,True,0
12560,39,3,83,0,294617.77,0,3,False,False,True,0
12562,20,3,99,0,566422.9,0,3,False,False,True,1
12569,2,3,110,0,2040103.67,0,3,False,False,True,2
12576,34,3,63,0,218847.1,0,3,False,False,True,0
12584,2,3,63,0,110798.21,0,3,False,False,True,2
12593,47,3,21,0,172394.55,0,3,False,False,True,0
12598,9,3,82,0,624753.08,0,3,False,False,True,1
12600,23,3,56,0,1125432.3199999998,0,3,False,False,True,0
12609,16,3,60,0,386646.22,0,3,False,False,True,0
12610,45,3,74,0,591972.68,0,3,False,False,True,0
12616,23,3,36,0,115561.73,0,3,False,False,True,0
12619,10,3,62,0,1272757.51,0,3,False,False,True,1
12645,38,3,60,0,337098.66,0,3,False,False,True,0
12647,16,3,121,0,1367892.79,0,3,False,False,True,0
12649,46,3,33,0,350442.67,0,3,False,False,True,0
12656,11,3,101,0,831515.97,0,3,False,False,True,1
12662,46,3,159,0,946152.23,0,3,False,False,True,0
12664,5,3,24,0,1041295.76,0,3,False,False,True,2
12670,37,3,58,0,632789.4,0,3,False,False,True,0
12674,30,3,60,0,245305.26,0,3,False,False,True,0
12676,9,3,37,0,476443.82,0,3,False,False,True,1
12678,17,3,105,0,2171348.28,0,3,False,False,True,1
12679,2,3,51,0,1707077.01,0,3,False,False,True,2
12680,12,3,37,0,157400.22,0,3,False,False,True,0
12684,2,3,69,0,497892.12,0,3,False,False,True,1
12685,14,3,104,0,582730.46,0,3,False,False,True,2
12695,5,3,24,0,243258.26,0,3,False,False,True,0
12697,52,3,30,0,78911.49,0,3,False,False,True,0
12704,16,3,65,0,524966.8,0,3,False,False,True,1
12708,11,3,153,0,861161.16,0,3,False,False,True,2
12710,35,3,79,0,659138.49,0,3,False,False,True,0
12712,45,3,122,0,615697.71,0,3,False,False,True,0
12721,18,3,129,0,1214922.73,0,3,False,False,True,1
12722,24,3,57,0,354067.17,0,3,False,False,True,0
12724,20,3,45,0,170009.38999999998,0,3,False,False,True,0
12726,25,3,88,0,1278117.77,0,3,False,False,True,0
12727,34,3,118,0,1364925.31,0,3,False,False,True,0
12728,10,3,46,0,372767.17,0,3,False,False,True,0
12747,5,3,85,0,1541120.5,0,3,False,False,True,1
12778,2,3,42,0,896927.37,0,3,False,False,True,1
12781,2,3,27,0,326837.77999999997,0,3,False,False,True,1
12822,9,3,47,0,293431.24,0,3,False,False,True,0
12823,13,3,5,0,25661.1,0,3,False,False,True,0
12826,10,3,72,0,971508.87,0,3,False,False,True,1
12828,4,3,38,0,167532.22,0,3,False,False,True,0
12843,4,3,108,0,654455.67,0,3,False,False,True,0
12853,46,3,84,0,481094.66,0,3,False,False,True,0
12854,17,3,114,0,839184.3899999999,0,3,False,False,True,0
12877,17,3,86,0,669193.4,0,3,False,False,True,0
12879,17,3,9,0,28677.700000000004,0,3,False,False,True,1
12885,2,3,72,0,286582.88,0,3,False,False,True,0
12886,6,3,86,0,319613.81,0,3,False,False,True,0
12909,16,3,89,0,738757.39,0,3,False,False,True,1
12910,3,3,67,0,872278.92,0,3,False,False,True,1
12919,23,3,18,0,90170.85,0,3,False,False,True,0
12924,27,3,31,0,428355.4099999999,0,3,False,False,True,0
12930,17,3,27,0,475398.89,0,3,False,False,True,0
12935,48,3,93,0,1164611.37,0,3,False,False,True,0
12937,10,3,60,0,594294.6,0,3,False,False,True,0
12948,39,3,87,0,572960.52,0,3,False,False,True,1
12955,31,3,85,0,1755745.84,0,3,False,False,True,1
12963,23,3,32,0,310980.9,0,3,False,False,True,1
12987,12,3,30,0,158399.54,0,3,False,False,True,0
12994,46,3,53,0,348933.69,0,3,False,False,True,0
12997,24,3,57,0,582110.59,0,3,False,False,True,0
13000,45,3,31,0,235556.33000000002,0,3,False,False,True,0
13003,44,3,6,0,880074.69,0,3,False,False,True,0
13012,16,3,78,0,430543.93,0,3,False,False,True,0
13014,11,3,90,0,1272176.09,0,3,False,False,True,1
13021,9,3,78,0,731071.72,0,3,False,False,True,1
13026,23,3,18,0,560446.98,0,3,False,False,True,0
13038,19,3,28,0,76496.72,0,3,False,False,True,0
13047,52,3,159,0,1141712.94,0,3,False,False,True,0
13048,51,3,106,0,966827.86,0,3,False,False,True,0
13055,2,3,78,0,341828.79,0,3,False,False,True,0
13064,27,3,48,0,339341.92,0,3,False,False,True,0
13079,14,3,4,0,20539.94,0,3,False,False,True,0
13090,2,3,108,0,1420690.81,0,3,False,False,True,2
13092,9,3,26,0,71849.81,0,3,False,False,True,0
13094,19,3,28,0,1262004.8399999999,0,3,False,False,True,0
13104,24,3,13,0,184558.32,0,3,False,False,True,1
13107,24,3,57,0,418899.07,0,3,False,False,True,1
13115,11,3,63,0,577260.59,0,3,False,False,True,2
13126,11,3,91,0,1252601.4,0,3,False,False,True,1
13131,2,3,33,0,145771.27,0,3,False,False,True,1
13134,11,3,105,0,738767.38,0,3,False,False,True,0
13136,24,3,110,0,622004.51,0,3,False,False,True,1
13138,19,3,47,0,522213.1,0,3,False,False,True,1
13139,11,3,123,0,1010466.33,0,3,False,False,True,1
13140,47,3,45,0,299347.95,0,3,False,False,True,0
13141,23,3,136,0,1303059.3,0,3,False,False,True,0
13145,25,3,6,0,64876.740000000005,0,3,False,False,True,1
13149,45,3,64,0,555697.16,0,3,False,False,True,0
13155,18,3,79,0,470835.18,0,3,False,False,True,1
13158,33,3,79,0,528227.87,0,3,False,False,True,0
13159,44,3,77,0,447560.27,0,3,False,False,True,0
13167,6,3,54,0,380664.78,0,3,False,False,True,1
13183,25,3,80,0,2756549.16,0,3,False,False,True,1
13186,32,3,68,0,463428.73,0,3,False,False,True,0
13199,3,3,77,0,2268707.33,0,3,False,False,True,2
13220,17,3,21,0,51696.83,0,3,False,False,True,0
13240,35,3,67,0,137714.52000000002,0,3,False,False,True,0
13249,31,3,23,0,3054986.3200000003,0,3,False,False,True,0
13265,27,3,74,0,2291728.53,0,3,False,False,True,1
13266,2,3,144,0,1995957.2,0,3,False,False,True,2
13267,31,3,157,0,1761030.27,0,3,False,False,True,0
13282,17,3,25,0,66259.58,0,3,False,False,True,0
13301,42,3,81,0,394955.99,0,3,False,False,True,0
13305,31,3,58,0,648585.24,0,3,False,False,True,0
13309,27,3,72,0,628489.72,0,3,False,False,True,1
13317,2,3,135,0,904306.59,0,3,False,False,True,0
13320,9,3,109,0,665646.64,0,3,False,False,True,0
13327,51,3,88,0,1716347.6,0,3,False,False,True,0
13330,31,3,53,0,385898.79,0,3,False,False,True,0
13376,38,3,53,0,524379.47,0,3,False,False,True,0
13381,28,3,139,0,1713548.8699999999,0,3,False,False,True,0
13384,12,3,119,0,2255853.0999999996,0,3,False,False,True,1
13394,17,3,118,0,1353027.89,0,3,False,False,True,1
13397,11,3,39,0,311694.83,0,3,False,False,True,0
13405,12,3,26,0,145475.46,0,3,False,False,True,0
13410,13,3,24,0,274520.91,0,3,False,False,True,1
13425,46,3,78,0,904935.26,0,3,False,False,True,0
13426,3,3,114,0,1568972.62,0,3,False,False,True,1
13430,11,3,34,0,152094.31,0,3,False,False,True,0
13435,14,3,55,0,648857.34,0,3,False,False,True,1
13437,37,3,120,0,734688.19,0,3,False,False,True,0
13450,28,3,62,0,1058188.5,0,3,False,False,True,0
13456,2,3,48,0,299588.15,0,3,False,False,True,1
13481,13,3,85,0,517974.26,0,3,False,False,True,1
13486,17,3,69,0,703908.33,0,3,False,False,True,0
13489,44,3,14,0,542359.72,0,3,False,False,True,0
13499,2,3,31,0,489121.31,0,3,False,False,True,1
13507,37,3,128,0,948782.73,0,3,False,False,True,0
13509,38,3,31,0,960364.6,0,3,False,False,True,1
13510,34,3,63,0,522051.12,0,3,False,False,True,1
13515,11,3,59,0,578735.76,0,3,False,False,True,0
13517,45,3,110,0,539676.57,0,3,False,False,True,1
13524,20,3,20,0,240332.24000000002,0,3,False,False,True,1
13538,33,3,20,0,348186.96,0,3,False,False,True,0
13539,24,3,38,0,238811.26,0,3,False,False,True,0
13549,2,3,48,0,401271.43,0,3,False,False,True,1
13552,5,3,121,0,560951.11,0,3,False,False,True,0
13562,20,3,82,0,1203932.9,0,3,False,False,True,0
13575,9,3,29,0,128661.2,0,3,False,False,True,2
13577,27,3,69,0,546290.32,0,3,False,False,True,0
13588,25,3,118,0,1132039.31,0,3,False,False,True,1
13591,3,3,58,0,325132.27999999997,0,3,False,False,True,0
13593,47,3,128,0,827462.7,0,3,False,False,True,0
13599,19,3,126,0,1426288.45,0,3,False,False,True,1
13611,28,3,74,0,480693.7,0,3,False,False,True,0
13614,28,3,103,0,140619.66,0,3,False,False,True,0
13627,17,3,87,0,370057.89,0,3,False,False,True,2
13630,14,3,73,0,1749290.8399999999,0,3,False,False,True,0
13631,38,3,12,0,111581.05,0,3,False,False,True,0
13634,25,3,154,0,539892.58,0,3,False,False,True,0
13647,3,3,61,0,683660.88,0,3,False,False,True,0
13650,5,3,81,0,636670.85,0,3,False,False,True,1
13658,24,3,86,0,635956.56,0,3,False,False,True,0
13662,24,3,57,0,108356.34999999999,0,3,False,False,True,0
13695,2,3,75,0,1829605.45,0,3,False,False,True,1
13704,2,3,75,0,561522.54,0,3,False,False,True,2
13720,55,3,43,0,288682.75,0,3,False,False,True,0
13725,10,3,108,0,392504.86,0,3,False,False,True,1
13728,46,3,50,0,415421.3,0,3,False,False,True,0
13741,10,3,35,0,232441.0,0,3,False,False,True,0
13743,27,3,35,0,538806.9600000001,0,3,False,False,True,0
13748,34,3,28,0,531747.09,0,3,False,False,True,0
13756,32,3,91,0,1660312.76,0,3,False,False,True,1
13763,2,3,17,0,456356.61000000004,0,3,False,False,True,0
13769,31,3,108,0,1207693.42,0,3,False,False,True,0
13771,3,3,120,0,931436.72,0,3,False,False,True,0
13782,7,3,77,0,214933.49,0,3,False,False,True,1
13784,33,3,27,0,2279457.41,0,3,False,False,True,1
13804,17,3,121,0,716173.59,0,3,False,False,True,1
13808,4,3,53,0,567609.58,0,3,False,False,True,2
13813,9,3,51,0,365716.78,0,3,False,False,True,1
13831,26,3,67,0,1355265.26,0,3,False,False,True,0
13848,31,3,5,0,1371961.0,0,3,False,False,True,0
13851,34,3,81,0,1123726.56,0,3,False,False,True,0
13854,4,3,100,0,2103219.1999999997,0,3,False,False,True,1
13862,11,3,134,0,810017.06,0,3,False,False,True,0
13870,40,3,90,0,671653.91,0,3,False,False,True,0
13880,26,3,126,0,923139.17,0,3,False,False,True,1
13884,28,3,47,0,267328.34,0,3,False,False,True,0
13890,46,3,31,0,296205.2,0,3,False,False,True,0
13895,5,3,83,0,666149.51,0,3,False,False,True,1
13901,11,3,149,0,1319641.6400000001,0,3,False,False,True,0
13908,18,3,126,0,1369051.1099999999,0,3,False,False,True,0
13925,31,3,44,0,109208.08,0,3,False,False,True,0
13931,24,3,59,0,532084.02,0,3,False,False,True,0
13939,47,3,35,0,329232.67,0,3,False,False,True,0
13940,3,3,41,0,161743.36000000002,0,3,False,False,True,1
13941,28,3,38,0,2022622.05,0,3,False,False,True,0
13946,18,3,11,0,370765.06,0,3,False,False,True,0
13949,4,3,81,0,942820.24,0,3,False,False,True,1
13953,54,3,12,0,865903.04,0,3,False,False,True,0
13959,18,3,90,0,351930.64,0,3,False,False,True,0
13971,45,3,116,0,1000116.88,0,3,False,False,True,1
13983,2,3,98,0,524669.76,0,3,False,False,True,2
13993,2,3,117,0,1190389.59,0,3,False,False,True,1
13994,6,3,110,0,681159.1,0,3,False,False,True,1
13995,54,3,55,0,467401.15,0,3,False,False,True,0
14004,17,3,137,0,2329201.55,0,3,False,False,True,1
14005,14,3,54,0,745638.44,0,3,False,False,True,0
14006,54,3,30,0,1044480.33,0,3,False,False,True,0
14013,49,3,34,0,237032.88,0,3,False,False,True,0
14019,23,3,44,0,178018.12,0,3,False,False,True,1
14032,26,3,122,0,2269626.61,0,3,False,False,True,1
14035,46,3,26,0,1476010.18,0,3,False,False,True,0
14038,17,3,93,0,817220.37,0,3,False,False,True,0
14045,48,3,6,0,691090.04,0,3,False,False,True,0
14047,12,3,23,0,239866.56,0,3,False,False,True,0
14051,7,3,148,0,2817902.38,0,3,False,False,True,2
14064,51,3,58,0,1442293.17,0,3,False,False,True,0
14077,17,3,40,0,81026.68000000001,0,3,False,False,True,1
14078,40,3,65,0,180802.46,0,3,False,False,True,0
14107,35,3,116,0,1336970.51,0,3,False,False,True,1
14111,24,3,6,0,218582.01,0,3,False,False,True,0
14112,52,3,120,0,684534.34,0,3,False,False,True,0
14113,16,3,14,0,306637.99,0,3,False,False,True,1
14116,3,3,52,0,813759.74,0,3,False,False,True,1
14132,26,3,107,0,1005276.89,0,3,False,False,True,1
14135,14,3,111,0,2585973.91,0,3,False,False,True,1
14141,2,3,29,0,211492.88999999998,0,3,False,False,True,2
14152,14,3,50,0,490363.16000000003,0,3,False,False,True,0
14163,26,3,52,0,598496.41,0,3,False,False,True,0
14175,54,3,67,0,538017.33,0,3,False,False,True,0
14177,23,3,42,0,122823.26000000001,0,3,False,False,True,0
14178,5,3,144,0,405016.03,0,3,False,False,True,1
14188,5,3,60,0,696561.25,0,3,False,False,True,1
14191,19,3,133,0,1151951.44,0,3,False,False,True,1
14198,18,3,32,0,183338.94999999998,0,3,False,False,True,0
14201,19,3,32,0,827129.5399999999,0,3,False,False,True,2
14210,30,3,103,0,846356.11,0,3,False,False,True,0
14211,2,3,76,0,717834.42,0,3,False,False,True,2
14215,16,3,81,0,649533.17,0,3,False,False,True,0
14217,2,3,78,0,262060.76,0,3,False,False,True,2
14223,31,3,61,0,398095.19,0,3,False,False,True,0
14224,49,3,113,0,215952.03,0,3,False,False,True,0
14226,9,3,59,0,1489304.9,0,3,False,False,True,1
14232,54,3,92,0,979650.35,0,3,False,False,True,0
14235,14,3,79,0,1266557.8299999998,0,3,False,False,True,0
14239,10,3,109,0,912062.12,0,3,False,False,True,1
14243,30,3,133,0,1242107.07,0,3,False,False,True,0
14246,49,3,75,0,698799.21,0,3,False,False,True,0
14257,2,3,106,0,1686395.1199999999,0,3,False,False,True,2
14262,23,3,78,0,921903.51,0,3,False,False,True,1
14276,26,3,75,0,552825.97,0,3,False,False,True,0
14282,20,3,108,0,1643085.86,0,3,False,False,True,1
14290,6,3,75,0,553758.03,0,3,False,False,True,2
14292,25,3,87,0,746021.39,0,3,False,False,True,1
14299,11,3,116,0,793084.22,0,3,False,False,True,2
14305,10,3,110,0,797030.57,0,3,False,False,True,0
14309,32,3,89,0,460993.45,0,3,False,False,True,0
14312,30,3,58,0,506573.83,0,3,False,False,True,1
14321,12,3,104,0,1327622.01,0,3,False,False,True,0
14323,53,3,41,0,126242.12999999999,0,3,False,False,True,0
14334,32,3,149,0,1017812.74,0,3,False,False,True,0
14356,12,3,35,0,175701.08,0,3,False,False,True,2
14364,47,3,69,0,1726015.41,0,3,False,False,True,0
14388,30,3,135,0,949871.86,0,3,False,False,True,0
14389,4,3,54,0,457116.01999999996,0,3,False,False,True,0
14397,11,3,46,0,999172.78,0,3,False,False,True,2
14401,19,3,140,0,2773927.8000000003,0,3,False,False,True,1
14404,47,3,88,0,602738.27,0,3,False,False,True,0
14407,46,3,76,0,1440608.8900000001,0,3,False,False,True,0
14408,33,3,98,0,2381834.66,0,3,False,False,True,0
14409,9,3,55,0,619188.46,0,3,False,False,True,0
14414,30,3,98,0,1872479.68,0,3,False,False,True,0
14419,12,3,99,0,201040.27,0,3,False,False,True,2
14422,9,3,122,0,1318074.41,0,3,False,False,True,2
14428,18,3,42,0,76192.29000000001,0,3,False,False,True,1
14440,11,3,42,0,1050644.04,0,3,False,False,True,1
14441,33,3,26,0,253675.03,0,3,False,False,True,0
14460,49,3,17,0,642269.59,0,3,False,False,True,0
14463,37,3,6,0,59977.880000000005,0,3,False,False,True,0
14466,12,3,58,0,684089.78,0,3,False,False,True,1
14475,10,3,47,0,340440.98,0,3,False,False,True,0
14487,21,3,89,0,334305.24,0,3,False,False,True,1
14498,55,3,119,0,670764.51,0,3,False,False,True,0
14500,26,3,7,0,161358.58,0,3,False,False,True,0
14501,2,3,12,0,157532.73,0,3,False,False,True,0
14507,40,3,83,0,444968.86,0,3,False,False,True,0
14511,4,3,32,0,321960.82,0,3,False,False,True,1
14513,39,3,18,0,281192.39,0,3,False,False,True,0
14514,0,3,69,0,498302.92,0,3,False,False,True,0
14515,5,3,62,0,849231.09,0,3,False,False,True,1
14522,10,3,16,0,267011.74,0,3,False,False,True,1
14533,3,3,57,0,1891069.41,0,3,False,False,True,2
14543,12,3,95,0,335174.61,0,3,False,False,True,1
14560,2,3,59,0,647671.9299999999,0,3,False,False,True,2
14561,14,3,69,0,651584.45,0,3,False,False,True,0
14565,34,3,129,0,1058076.79,0,3,False,False,True,0
14595,0,3,22,0,236414.77,0,3,False,False,True,2
14623,55,3,105,0,209578.76,0,3,False,False,True,0
14626,3,3,97,0,1469096.11,0,3,False,False,True,2
14665,28,3,67,0,443731.38,0,3,False,False,True,1
14676,17,3,39,0,1288971.05,0,3,False,False,True,1
14691,10,3,62,0,356461.85,0,3,False,False,True,1
14696,10,3,113,0,834368.13,0,3,False,False,True,0
14704,20,3,103,0,126242.83,0,3,False,False,True,1
14715,33,3,49,0,166283.35,0,3,False,False,True,0
14732,27,3,114,0,579007.55,0,3,False,False,True,0
14738,3,3,45,0,867811.23,0,3,False,False,True,1
14739,4,3,44,0,3000219.42,0,3,False,False,True,1
14741,52,3,36,0,443390.72000000003,0,3,False,False,True,0
14745,51,3,70,0,810026.4,0,3,False,False,True,0
14766,19,3,116,0,1213047.28,0,3,False,False,True,0
14776,44,3,85,0,1210349.26,0,3,False,False,True,0
14818,12,3,48,0,143347.83,0,3,False,False,True,0
14825,2,3,94,0,784793.1,0,3,False,False,True,1
14834,4,3,43,0,572193.01,0,3,False,False,True,2
14837,28,3,110,0,832282.37,0,3,False,False,True,0
14842,23,3,94,0,448113.6,0,3,False,False,True,1
14844,2,3,130,0,2934613.98,0,3,False,False,True,0
14852,35,3,108,0,1877671.03,0,3,False,False,True,1
14854,16,3,130,0,1358295.27,0,3,False,False,True,0
14859,19,3,44,0,221249.05,0,3,False,False,True,0
14866,12,3,53,0,1899485.66,0,3,False,False,True,2
14868,10,3,87,0,593253.85,0,3,False,False,True,1
14875,46,3,49,0,249468.27000000002,0,3,False,False,True,0
14878,21,3,101,0,573797.66,0,3,False,False,True,1
14880,16,3,46,0,347762.79,0,3,False,False,True,0
14883,2,3,43,0,793744.9199999999,0,3,False,False,True,1
14901,12,3,76,0,109798.98,0,3,False,False,True,1
14907,2,3,133,0,1292826.38,0,3,False,False,True,1
14915,24,3,13,0,181027.66,0,3,False,False,True,0
14916,9,3,79,0,727524.54,0,3,False,False,True,0
14931,13,3,28,0,58435.030000000006,0,3,False,False,True,0
14934,11,3,88,0,1149129.21,0,3,False,False,True,0
14944,2,3,156,0,2670062.43,0,3,False,False,True,1
14948,10,3,51,0,343054.17,0,3,False,False,True,1
14952,10,3,124,0,2118046.64,0,3,False,False,True,2
14959,2,3,59,0,879326.3999999999,0,3,False,False,True,2
14970,7,3,34,0,372000.28,0,3,False,False,True,0
14973,46,3,32,0,402673.72,0,3,False,False,True,0
14976,39,3,55,0,189074.63999999998,0,3,False,False,True,1
15002,54,3,115,0,1045699.71,0,3,False,False,True,0
15024,51,3,76,0,546109.16,0,3,False,False,True,0
15026,19,3,61,0,160725.06,0,3,False,False,True,0
15036,11,3,119,0,260666.03,0,3,False,False,True,0
15038,7,3,124,0,168510.7,0,3,False,False,True,2
15048,4,3,95,0,125511.29,0,3,False,False,True,0
15062,9,3,57,0,634106.51,0,3,False,False,True,0
15081,4,3,29,0,213877.47,0,3,False,False,True,1
15089,33,3,121,0,1041481.53,0,3,False,False,True,1
15095,42,3,49,0,625013.82,0,3,False,False,True,0
15105,6,3,83,0,533012.39,0,3,False,False,True,1
15106,4,3,92,0,725899.16,0,3,False,False,True,2
15122,23,3,87,0,403110.54,0,3,False,False,True,0
15129,45,3,74,0,1711769.56,0,3,False,False,True,0
15132,44,3,48,0,502897.34,0,3,False,False,True,1
15134,11,3,51,0,401925.92,0,3,False,False,True,1
15140,18,3,69,0,946141.28,0,3,False,False,True,1
15144,10,3,137,0,2074220.76,0,3,False,False,True,2
15152,23,3,154,0,922845.39,0,3,False,False,True,1
15164,7,3,101,0,769173.64,0,3,False,False,True,0
15172,9,3,84,0,883186.41,0,3,False,False,True,0
15181,5,3,18,0,234311.68,0,3,False,False,True,0
15187,9,3,55,0,630052.3,0,3,False,False,True,2
15199,33,3,10,0,33356.41,0,3,False,False,True,1
15201,17,3,97,0,571666.54,0,3,False,False,True,0
15203,18,3,118,0,1041015.14,0,3,False,False,True,0
15205,23,3,38,0,240751.84,0,3,False,False,True,0
15206,38,3,6,0,1910.3999999999999,0,3,False,False,True,0
15208,2,3,26,0,172372.7,0,3,False,False,True,2
15214,2,3,70,0,614591.63,0,3,False,False,True,1
15215,35,3,19,0,12560.96,0,3,False,False,True,1
15218,13,3,145,0,2519268.04,0,3,False,False,True,2
15220,54,3,90,0,617823.77,0,3,False,False,True,0
15228,5,3,126,0,1812714.8,0,3,False,False,True,0
15237,17,3,92,0,1110959.08,0,3,False,False,True,0
15238,34,3,39,0,775946.45,0,3,False,False,True,0
15240,23,3,63,0,1229263.8900000001,0,3,False,False,True,1
15241,5,3,108,0,1217116.29,0,3,False,False,True,0
15251,20,3,111,0,1174330.67,0,3,False,False,True,1
15253,18,3,40,0,494055.97000000003,0,3,False,False,True,0
15260,39,3,78,0,722027.09,0,3,False,False,True,0
15270,46,3,42,0,806205.09,0,3,False,False,True,0
15271,33,3,143,0,460728.61000000004,0,3,False,False,True,1
15290,18,3,142,0,1894222.5899999999,0,3,False,False,True,1
15291,33,3,93,0,2991272.82,0,3,False,False,True,0
15296,17,3,144,0,1525646.34,0,3,False,False,True,1
15298,31,3,124,0,1612594.6199999999,0,3,False,False,True,0
15299,6,3,12,0,2180889.5,0,3,False,False,True,0
15304,24,3,23,0,6902.9800000000005,0,3,False,False,True,1
15306,3,3,58,0,733938.98,0,3,False,False,True,0
15312,14,3,48,0,752458.93,0,3,False,False,True,0
15315,3,3,38,0,698172.5,0,3,False,False,True,0
15351,4,3,111,0,256592.92,0,3,False,False,True,2
15365,2,3,131,0,482208.47,0,3,False,False,True,1
15370,10,3,90,0,542833.0700000001,0,3,False,False,True,2
15373,54,3,105,0,288608.4,0,3,False,False,True,0
15380,25,3,25,0,143614.58,0,3,False,False,True,1
15392,27,3,45,0,549476.38,0,3,False,False,True,0
15394,17,3,71,0,539878.66,0,3,False,False,True,0
15400,31,3,13,0,86198.72,0,3,False,False,True,0
15410,23,3,122,0,480624.81,0,3,False,False,True,0
15411,9,3,55,0,268306.1,0,3,False,False,True,1
15433,17,3,53,0,425563.47,0,3,False,False,True,0
15434,45,3,36,0,271274.63,0,3,False,False,True,0
15443,12,3,124,0,347682.68,0,3,False,False,True,1
15449,24,3,42,0,452946.26,0,3,False,False,True,0
15453,31,3,146,0,110165.61,0,3,False,False,True,1
15462,33,3,11,0,483000.36,0,3,False,False,True,0
15465,0,3,95,0,1559025.77,0,3,False,False,True,1
15491,34,3,155,0,1905154.5,0,3,False,False,True,0
15505,2,3,70,0,1327696.16,0,3,False,False,True,2
15527,28,3,104,0,302780.39999999997,0,3,False,False,True,1
15549,16,3,115,0,318444.13,0,3,False,False,True,0
15550,45,3,48,0,239403.44,0,3,False,False,True,0
15561,35,3,20,0,50832.99,0,3,False,False,True,0
15569,42,3,31,0,945816.5700000001,0,3,False,False,True,0
15572,48,3,131,0,460052.91,0,3,False,False,True,0
15587,28,3,7,0,1233466.56,0,3,False,False,True,1
15594,20,3,90,0,602074.8,0,3,False,False,True,0
15596,39,3,84,0,971463.09,0,3,False,False,True,0
15602,9,3,40,0,778640.24,0,3,False,False,True,1
15605,28,3,50,0,449554.69,0,3,False,False,True,0
15606,0,3,90,0,479045.98,0,3,False,False,True,2
15611,2,3,32,0,109009.18000000001,0,3,False,False,True,1
15618,25,3,28,0,237140.46,0,3,False,False,True,0
15624,55,3,34,0,282584.48,0,3,False,False,True,0
15625,39,3,68,0,970347.88,0,3,False,False,True,0
15628,4,3,117,0,1421973.1,0,3,False,False,True,2
15632,2,3,154,0,1201934.68,0,3,False,False,True,2
15641,44,3,119,0,980203.46,0,3,False,False,True,0
15660,24,3,75,0,855302.97,0,3,False,False,True,0
15669,42,3,32,0,62594.9,0,3,False,False,True,0
15671,33,3,67,0,1887426.83,0,3,False,False,True,0
15673,27,3,138,0,884620.83,0,3,False,False,True,0
15674,12,3,135,0,580044.29,0,3,False,False,True,0
15675,20,3,21,0,235873.86000000002,0,3,False,False,True,0
15687,4,3,130,0,819050.37,0,3,False,False,True,1
15694,5,3,55,0,1738158.82,0,3,False,False,True,1
15696,11,3,127,0,848208.02,0,3,False,False,True,1
15706,2,3,58,0,222369.63,0,3,False,False,True,2
15712,10,3,42,0,633558.63,0,3,False,False,True,0
15722,47,3,49,0,862699.27,0,3,False,False,True,0
15730,4,3,73,0,378274.38,0,3,False,False,True,0
15737,11,3,73,0,306291.77,0,3,False,False,True,1
15738,2,3,149,0,3069052.06,0,3,False,False,True,2
15745,2,3,37,0,207682.19,0,3,False,False,True,1
15755,13,3,130,0,735693.62,0,3,False,False,True,0
15768,54,3,28,0,196463.19999999998,0,3,False,False,True,0
15796,10,3,99,0,543008.13,0,3,False,False,True,0
15797,51,3,8,0,640935.16,0,3,False,False,True,0
15799,14,3,98,0,611163.43,0,3,False,False,True,0
15810,17,3,112,0,942196.25,0,3,False,False,True,0
15811,44,3,110,0,673526.0,0,3,False,False,True,0
15812,46,3,41,0,864564.5,0,3,False,False,True,0
15815,2,3,49,0,2112040.88,0,3,False,False,True,0
15827,12,3,134,0,238392.75,0,3,False,False,True,0
15838,3,3,143,0,1332139.7099999995,0,3,False,False,True,1
15841,2,3,50,0,520496.42,0,3,False,False,True,0
15845,25,3,113,0,2001399.23,0,3,False,False,True,0
15854,25,3,101,0,862003.3300000001,0,3,False,False,True,0
15858,16,3,129,0,626496.6,0,3,False,False,True,2
15860,14,3,129,0,186174.12,0,3,False,False,True,1
15862,50,3,100,0,332474.46,0,3,False,False,True,0
15864,5,3,20,0,112197.78,0,3,False,False,True,1
15874,2,3,137,0,2176551.48,0,3,False,False,True,0
15885,31,3,18,0,27825.53,0,3,False,False,True,0
15903,9,3,53,0,1226092.16,0,3,False,False,True,1
15906,7,3,125,0,287630.59,0,3,False,False,True,1
15916,16,3,80,0,401473.82,0,3,False,False,True,1
15932,27,3,99,0,1293864.09,0,3,False,False,True,0
15938,51,3,18,0,415968.1,0,3,False,False,True,0
15950,17,3,76,0,634588.99,0,3,False,False,True,1
15952,7,3,56,0,253661.77,0,3,False,False,True,1
15953,4,3,65,0,1024399.88,0,3,False,False,True,2
15955,4,3,125,0,1097253.0,0,3,False,False,True,2
15971,6,3,28,0,1310472.0,0,3,False,False,True,2
15974,34,3,150,0,1515758.24,0,3,False,False,True,0
15981,16,3,82,0,933593.78,0,3,False,False,True,0
15996,27,3,126,0,192767.04,0,3,False,False,True,0
16016,18,3,133,0,226269.11,0,3,False,False,True,1
16027,30,3,17,0,1666395.53,0,3,False,False,True,0
16040,4,3,65,0,890796.89,0,3,False,False,True,0
16042,46,3,30,0,23722.790000000005,0,3,False,False,True,1
16057,35,3,93,0,580823.13,0,3,False,False,True,0
16076,18,3,98,0,839233.41,0,3,False,False,True,2
16080,20,3,11,0,82816.62,0,3,False,False,True,0
16085,18,3,105,0,288475.52,0,3,False,False,True,1
16086,37,3,32,0,534020.09,0,3,False,False,True,1
16092,37,3,53,0,821754.28,0,3,False,False,True,0
16098,26,3,67,0,292055.0,0,3,False,False,True,0
16103,18,3,47,0,215072.64,0,3,False,False,True,0
16107,28,3,21,0,443835.84,0,3,False,False,True,1
16122,12,3,38,0,938459.72,0,3,False,False,True,0
16126,40,3,73,0,914743.6,0,3,False,False,True,0
16128,16,3,75,0,376665.22000000003,0,3,False,False,True,1
16131,54,3,54,0,2459679.4,0,3,False,False,True,0
16143,47,3,95,0,742709.89,0,3,False,False,True,0
16150,25,3,116,0,915528.39,0,3,False,False,True,1
16153,54,3,56,0,381064.42,0,3,False,False,True,0
16156,10,3,102,0,280528.0,0,3,False,False,True,1
16160,2,3,22,0,1443950.7399999998,0,3,False,False,True,0
16168,13,3,79,0,1058399.8,0,3,False,False,True,2
16170,51,3,104,0,1025005.62,0,3,False,False,True,0
16172,34,3,69,0,594955.77,0,3,False,False,True,0
16173,16,3,46,0,171249.72999999998,0,3,False,False,True,1
16175,33,3,58,0,865457.86,0,3,False,False,True,0
16184,2,3,46,0,1459350.6099999999,0,3,False,False,True,0
16191,26,3,59,0,669814.65,0,3,False,False,True,1
16209,27,3,46,0,1083161.56,0,3,False,False,True,0
16218,53,3,78,0,2014236.15,0,3,False,False,True,0
16233,9,3,25,0,105991.25,0,3,False,False,True,0
16235,20,3,39,0,234203.25999999998,0,3,False,False,True,1
16242,5,3,154,0,631245.14,0,3,False,False,True,1
16245,2,3,54,0,292390.43,0,3,False,False,True,1
16249,51,3,49,0,679195.4299999999,0,3,False,False,True,0
16261,14,3,96,0,241951.13999999998,0,3,False,False,True,0
16266,12,3,61,0,324081.74,0,3,False,False,True,0
16279,25,3,64,0,394423.67,0,3,False,False,True,0
16283,7,3,149,0,570145.6900000001,0,3,False,False,True,0
16293,24,3,81,0,401368.93,0,3,False,False,True,1
16303,39,3,134,0,1771296.09,0,3,False,False,True,0
16308,46,3,3,0,1849950.0,0,3,False,False,True,0
16309,30,3,44,0,290367.16000000003,0,3,False,False,True,0
16316,3,3,156,0,844675.17,0,3,False,False,True,0
16321,11,3,16,0,123620.64000000001,0,3,False,False,True,0
16332,0,3,114,0,385192.82,0,3,False,False,True,2
16341,18,3,70,0,874227.73,0,3,False,False,True,0
16342,14,3,15,0,131725.23,0,3,False,False,True,0
16350,3,3,56,0,504238.93,0,3,False,False,True,1
16353,7,3,73,0,948820.15,0,3,False,False,True,1
16358,2,3,75,0,732210.49,0,3,False,False,True,0
16359,4,3,60,0,1244715.46,0,3,False,False,True,0
16362,4,3,48,0,109116.59,0,3,False,False,True,2
16389,10,3,24,0,291514.39999999997,0,3,False,False,True,2
16394,2,3,86,0,1127031.96,0,3,False,False,True,2
16395,17,3,153,0,741105.52,0,3,False,False,True,2
16401,4,3,136,0,2434293.33,0,3,False,False,True,2
16407,13,3,147,0,1213512.57,0,3,False,False,True,0
16419,51,3,51,0,558644.7999999999,0,3,False,False,True,0
16434,35,3,54,0,435537.12,0,3,False,False,True,1
16444,34,3,72,0,269018.65,0,3,False,False,True,1
16455,2,3,99,0,883552.2000000001,0,3,False,False,True,0
16456,38,3,110,0,1449862.16,0,3,False,False,True,0
16458,11,3,153,0,2351667.82,0,3,False,False,True,2
16462,2,3,4,0,537.5999999999999,0,3,False,False,True,0
16466,42,3,90,0,514516.76,0,3,False,False,True,1
16470,54,3,96,0,196922.6,0,3,False,False,True,0
16475,27,3,28,0,292339.92,0,3,False,False,True,0
16477,2,3,146,0,1555415.93,0,3,False,False,True,0
16488,53,3,24,0,191394.32,0,3,False,False,True,0
16493,11,3,62,0,1211860.51,0,3,False,False,True,0
16503,45,3,86,0,455119.7,0,3,False,False,True,0
16515,30,3,94,0,629533.54,0,3,False,False,True,1
16518,0,3,42,0,179883.75,0,3,False,False,True,0
16531,13,3,57,0,376353.56,0,3,False,False,True,1
16551,34,3,32,0,311485.32,0,3,False,False,True,0
16573,12,3,46,0,181135.48,0,3,False,False,True,0
16584,19,3,31,0,484525.17,0,3,False,False,True,0
16589,10,3,33,0,242995.14,0,3,False,False,True,0
16600,13,3,28,0,475692.82,0,3,False,False,True,1
16607,12,3,133,0,1065943.33,0,3,False,False,True,2
16626,7,3,132,0,2008950.28,0,3,False,False,True,1
16628,45,3,89,0,798359.29,0,3,False,False,True,0
16633,17,3,79,0,672735.55,0,3,False,False,True,1
16638,37,3,87,0,533228.64,0,3,False,False,True,0
16652,39,3,84,0,1638883.18,0,3,False,False,True,1
16668,55,3,17,0,147765.3,0,3,False,False,True,0
16672,11,3,107,0,256354.2,0,3,False,False,True,1
16678,37,3,116,0,622466.81,0,3,False,False,True,0
16681,11,3,44,0,348961.09,0,3,False,False,True,0
16682,31,3,20,0,416543.46,0,3,False,False,True,1
16709,23,3,79,0,1102352.41,0,3,False,False,True,0
16717,34,3,124,0,454317.4,0,3,False,False,True,0
16735,17,3,119,0,1910657.95,0,3,False,False,True,0
16744,14,3,123,0,206579.19,0,3,False,False,True,1
16750,12,3,64,0,149880.01,0,3,False,False,True,1
16774,6,3,49,0,166682.18,0,3,False,False,True,0
16775,10,3,121,0,311626.27999999997,0,3,False,False,True,2
16806,42,3,93,0,539961.1799999999,0,3,False,False,True,0
16809,0,3,113,0,347651.97,0,3,False,False,True,1
16816,42,3,28,0,131187.96,0,3,False,False,True,0
16841,46,3,100,0,1096370.91,0,3,False,False,True,0
16842,2,3,64,0,741070.2999999999,0,3,False,False,True,0
16859,45,3,72,0,407593.48,0,3,False,False,True,0
16871,28,3,122,0,921607.4,0,3,False,False,True,0
16872,16,3,7,0,285191.13,0,3,False,False,True,0
16875,2,3,123,0,906606.98,0,3,False,False,True,0
16880,38,3,138,0,428651.76,0,3,False,False,True,0
16882,5,3,39,0,244495.85,0,3,False,False,True,0
16891,34,3,120,0,122202.4,0,3,False,False,True,0
16899,28,3,78,0,241818.88999999998,0,3,False,False,True,0
16906,20,3,86,0,150526.63999999998,0,3,False,False,True,0
16912,6,3,96,0,485130.29,0,3,False,False,True,1
16918,2,3,128,0,639235.7,0,3,False,False,True,2
16927,54,3,6,0,333359.72,0,3,False,False,True,0
16929,10,3,33,0,481948.92,0,3,False,False,True,1
16983,35,3,105,0,415361.87,0,3,False,False,True,0
16985,27,3,86,0,3123426.5999999996,0,3,False,False,True,0
16989,2,3,10,0,164016.99,0,3,False,False,True,1
16992,37,3,62,0,575004.73,0,3,False,False,True,0
16996,46,3,30,0,793040.9799999999,0,3,False,False,True,0
17001,30,3,122,0,1233885.51,0,3,False,False,True,1
17002,11,3,50,0,670445.34,0,3,False,False,True,0
17027,17,3,150,0,251111.64,0,3,False,False,True,0
17033,25,3,28,0,1232003.02,0,3,False,False,True,0
17045,51,3,22,0,115694.37,0,3,False,False,True,0
17048,54,3,48,0,421935.97,0,3,False,False,True,0
17058,20,3,62,0,727394.12,0,3,False,False,True,0
17061,12,3,101,0,1168989.48,0,3,False,False,True,0
17069,16,3,115,0,697238.58,0,3,False,False,True,1
17071,24,3,112,0,770559.09,0,3,False,False,True,1
17083,48,3,52,0,1042026.74,0,3,False,False,True,0
17088,11,3,99,0,548977.76,0,3,False,False,True,1
17090,27,3,54,0,698152.78,0,3,False,False,True,1
17091,37,3,152,0,803595.98,0,3,False,False,True,0
17092,26,3,76,0,272948.1,0,3,False,False,True,1
17097,39,3,128,0,102756.52,0,3,False,False,True,0
17146,44,3,34,0,328406.05,0,3,False,False,True,0
17147,19,3,69,0,444225.79,0,3,False,False,True,0
17159,2,3,56,0,393864.24,0,3,False,False,True,1
17164,18,3,121,0,1055250.46,0,3,False,False,True,1
17173,40,3,26,0,279791.29000000004,0,3,False,False,True,1
17193,25,3,13,0,9122.42,0,3,False,False,True,1
17214,24,3,84,0,275310.01,0,3,False,False,True,1
17227,9,3,32,0,270473.27,0,3,False,False,True,2
17268,46,3,6,0,362976.96,0,3,False,False,True,0
17287,13,3,101,0,766298.28,0,3,False,False,True,1
17293,23,3,64,0,1055147.77,0,3,False,False,True,1
17299,28,3,51,0,529835.26,0,3,False,False,True,0
17302,52,3,56,0,376219.94,0,3,False,False,True,0
17306,10,3,57,0,624212.8099999999,0,3,False,False,True,1
17320,39,3,73,0,869284.13,0,3,False,False,True,0
17323,0,3,149,0,411914.46,0,3,False,False,True,1
17368,32,3,84,0,348243.16000000003,0,3,False,False,True,0
17370,11,3,33,0,207670.88,0,3,False,False,True,0
17373,10,3,39,0,203306.79,0,3,False,False,True,1
17386,38,3,11,0,189973.24000000002,0,3,False,False,True,0
17388,16,3,15,0,624705.76,0,3,False,False,True,0
17389,13,3,151,0,2326803.73,0,3,False,False,True,1
17396,6,3,24,0,116389.56999999999,0,3,False,False,True,1
17398,53,3,38,0,359312.27,0,3,False,False,True,0
17402,24,3,50,0,184540.92,0,3,False,False,True,1
17405,2,3,80,0,330189.29,0,3,False,False,True,0
17411,14,3,34,0,231878.0,0,3,False,False,True,0
17419,3,3,154,0,1305182.32,0,3,False,False,True,2
17422,25,3,119,0,1279344.85,0,3,False,False,True,0
17442,32,3,119,0,578797.54,0,3,False,False,True,0
17451,20,3,39,0,138181.87,0,3,False,False,True,1
17460,17,3,37,0,173887.26,0,3,False,False,True,0
17469,11,3,73,0,490143.07999999996,0,3,False,False,True,0
17483,4,3,21,0,108768.43,0,3,False,False,True,0
17490,2,3,56,0,237559.29,0,3,False,False,True,0
17491,13,3,80,0,1257766.8299999998,0,3,False,False,True,1
17527,19,3,40,0,281608.46,0,3,False,False,True,2
17560,33,3,27,0,403793.69,0,3,False,False,True,0
17562,26,3,49,0,515882.36,0,3,False,False,True,1
17567,17,3,132,0,1647197.08,0,3,False,False,True,1
17572,9,3,12,0,84612.29000000001,0,3,False,False,True,0
17588,39,3,23,0,656513.6,0,3,False,False,True,0
17591,12,3,158,0,650833.29,0,3,False,False,True,0
17603,17,3,14,0,3755.1199999999985,0,3,False,False,True,1
17609,11,3,145,0,338629.17,0,3,False,False,True,1
17612,20,3,115,0,1156202.56,0,3,False,False,True,1
17629,5,3,97,0,1089702.56,0,3,False,False,True,1
17633,2,3,55,0,237162.63,0,3,False,False,True,1
17644,2,3,125,0,828755.73,0,3,False,False,True,1
17655,55,3,65,0,995483.7799999999,0,3,False,False,True,0
17656,12,3,82,0,989849.51,0,3,False,False,True,0
17659,39,3,83,0,561740.33,0,3,False,False,True,1
17663,16,3,68,0,805619.4400000001,0,3,False,False,True,1
17667,5,3,117,0,974196.75,0,3,False,False,True,0
17669,24,3,66,0,995768.62,0,3,False,False,True,1
17676,45,3,42,0,638243.7,0,3,False,False,True,1
17682,54,3,90,0,1151532.18,0,3,False,False,True,0
17685,27,3,107,0,874756.72,0,3,False,False,True,0
17696,26,3,105,0,901665.5800000001,0,3,False,False,True,1
17700,33,3,98,0,969679.0599999999,0,3,False,False,True,0
17702,17,3,61,0,219971.66999999998,0,3,False,False,True,1
17705,13,3,82,0,344117.77,0,3,False,False,True,1
17720,51,3,37,0,741736.9199999999,0,3,False,False,True,0
17722,35,3,120,0,929005.79,0,3,False,False,True,0
17724,10,3,40,0,276088.54,0,3,False,False,True,2
17728,4,3,134,0,761210.89,0,3,False,False,True,1
17730,17,3,159,0,1866532.93,0,3,False,False,True,1
17731,18,3,83,0,218163.91999999998,0,3,False,False,True,0
17739,4,3,34,0,550755.48,0,3,False,False,True,1
17750,21,3,153,0,1447511.87,0,3,False,False,True,1
17754,4,3,44,0,1053317.44,0,3,False,False,True,1
17774,35,3,154,0,334685.48,0,3,False,False,True,0
17800,30,3,79,0,287906.1,0,3,False,False,True,1
17802,21,3,147,0,741560.22,0,3,False,False,True,0
17816,4,3,15,0,16113.89,0,3,False,False,True,1
17819,10,3,49,0,148861.29,0,3,False,False,True,0
17828,40,3,59,0,567077.04,0,3,False,False,True,0
17837,4,3,97,0,231985.72,0,3,False,False,True,2
17838,28,3,102,0,912211.04,0,3,False,False,True,0
17848,19,3,51,0,330222.23,0,3,False,False,True,0
17857,11,3,31,0,1871072.5599999998,0,3,False,False,True,1
17858,21,3,127,0,2274599.35,0,3,False,False,True,1
17863,19,3,107,0,1196521.17,0,3,False,False,True,1
17867,16,3,10,0,36233.95999999996,0,3,False,False,True,1
17869,46,3,40,0,58164.57,0,3,False,False,True,0
17870,10,3,111,0,334976.23,0,3,False,False,True,1
17873,18,3,45,0,1629304.95,0,3,False,False,True,0
17888,17,3,54,0,111237.79,0,3,False,False,True,2
17905,9,3,33,0,316775.08999999997,0,3,False,False,True,0
17921,2,3,142,0,476745.24,0,3,False,False,True,0
17924,6,3,23,0,769234.4500000001,0,3,False,False,True,1
17929,16,3,5,0,276668.73,0,3,False,False,True,0
17930,3,3,29,0,1275194.46,0,3,False,False,True,1
17937,53,3,33,0,1143673.56,0,3,False,False,True,0
17988,56,3,27,0,19327.05,0,3,False,False,True,0
18008,9,3,30,0,480000.51,0,3,False,False,True,0
18016,13,3,104,0,382515.28,0,3,False,False,True,1
18017,20,3,3,0,749396.9999999999,0,3,False,False,True,0
18044,26,3,100,0,806320.14,0,3,False,False,True,1
18061,4,3,44,0,1970629.75,0,3,False,False,True,1
18065,25,3,115,0,721668.9400000001,0,3,False,False,True,0
18075,45,3,118,0,1243642.91,0,3,False,False,True,1
18077,42,3,150,0,669494.84,0,3,False,False,True,0
18087,37,3,7,0,1554616.42,0,3,False,False,True,0
18093,32,3,38,0,1234759.8699999999,0,3,False,False,True,0
18097,39,3,84,0,1382971.47,0,3,False,False,True,0
18136,2,3,39,0,223576.51,0,3,False,False,True,0
18145,26,3,139,0,1673764.0,0,3,False,False,True,0
18155,14,3,28,0,174953.88,0,3,False,False,True,0
18161,3,3,56,0,1036847.65,0,3,False,False,True,1
18171,37,3,47,0,741164.07,0,3,False,False,True,1
18173,25,3,31,0,1782713.96,0,3,False,False,True,0
18178,52,3,99,0,631579.87,0,3,False,False,True,0
18180,19,3,73,0,509276.13,0,3,False,False,True,1
18189,16,3,69,0,692114.92,0,3,False,False,True,0
18211,24,3,22,0,139325.5,0,3,False,False,True,1
18221,2,3,54,0,353591.88,0,3,False,False,True,1
18229,9,3,129,0,1729746.06,0,3,False,False,True,2
18230,33,3,71,0,1982322.98,0,3,False,False,True,0
18232,20,3,38,0,151281.37,0,3,False,False,True,0
18235,10,3,104,0,746830.52,0,3,False,False,True,0
18236,18,3,43,0,125806.22,0,3,False,False,True,1
18237,4,3,53,0,306475.38,0,3,False,False,True,0
18241,13,3,87,0,1175910.85,0,3,False,False,True,2
18242,11,3,78,0,837766.84,0,3,False,False,True,0
18248,52,3,49,0,440203.34,0,3,False,False,True,0
18257,6,3,111,0,369333.52,0,3,False,False,True,1
18272,52,3,118,0,714421.49,0,3,False,False,True,0
12370,213,1,138,0,2949186.1999999997,0,1,False,True,False,0
12414,156,1,18,0,352232.05,0,1,False,True,False,0
12585,173,1,97,0,1169675.13,0,1,False,True,False,0
12625,150,1,91,0,678847.28,0,1,False,True,False,0
12668,187,1,125,0,2534778.94,0,1,False,True,False,0
12754,174,1,65,0,766372.82,0,1,False,True,False,0
12755,188,1,6,0,60453.23,0,1,False,True,False,0
12811,199,1,31,0,161321.1,0,1,False,True,False,0
12845,206,1,27,0,378098.79999999993,0,1,False,True,False,0
12888,153,1,7,0,44807.6,0,1,False,True,False,0
12913,221,1,15,0,835692.1799999999,0,1,False,True,False,0
13118,147,1,50,0,223008.45,0,1,False,True,False,0
13168,138,1,109,0,518554.82,0,1,False,True,False,0
13310,138,1,56,0,553812.51,0,1,False,True,False,0
13455,139,1,37,0,150345.38,0,1,False,True,False,0
13495,171,1,32,0,1007452.78,0,1,False,True,False,0
13592,144,1,13,0,55876.25,0,1,False,True,False,0
13623,149,1,65,0,142378.61000000002,0,1,False,True,False,0
13692,142,1,34,0,838839.43,0,1,False,True,False,0
13715,219,1,107,0,866841.98,0,1,False,True,False,0
13758,140,1,95,0,1536880.53,0,1,False,True,False,0
13846,181,1,46,0,280706.35,0,1,False,True,False,0
13883,139,1,102,0,825883.6,0,1,False,True,False,0
13952,149,1,138,0,1567259.19,0,1,False,True,False,0
14009,137,1,44,0,290169.97,0,1,False,True,False,0
14071,180,1,38,0,94623.5,0,1,False,True,False,0
14081,206,1,153,0,492784.1,0,1,False,True,False,0
14149,151,1,39,0,209683.31,0,1,False,True,False,0
14161,154,1,104,0,567410.21,0,1,False,True,False,0
14195,140,1,8,0,326025.46,0,1,False,True,False,0
14233,150,1,20,0,1825630.9599999997,0,1,False,True,False,0
14256,192,1,54,0,367941.2,0,1,False,True,False,0
14320,145,1,42,0,224808.89,0,1,False,True,False,0
14336,137,1,59,0,928386.36,0,1,False,True,False,0
14339,173,1,18,0,68068.42000000001,0,1,False,True,False,0
14504,182,1,96,0,355293.7,0,1,False,True,False,0
14532,175,1,64,0,302349.02,0,1,False,True,False,0
14586,165,1,27,0,200773.64,0,1,False,True,False,0
14616,181,1,3,0,16787.76,0,1,False,True,False,0
14620,143,1,30,0,142831.46,0,1,False,True,False,0
14662,173,1,87,0,177042.31,0,1,False,True,False,0
14744,220,1,19,0,488374.93,0,1,False,True,False,0
14779,219,1,41,0,35395.76,0,1,False,True,False,0
14794,142,1,41,0,116058.45999999999,0,1,False,True,False,0
15018,187,1,18,0,69747.0,0,1,False,True,False,0
15079,151,1,48,0,250684.01,0,1,False,True,False,0
15179,172,1,47,0,798813.53,0,1,False,True,False,0
15197,191,1,16,0,116935.2,0,1,False,True,False,0
15227,154,1,43,0,537037.71,0,1,False,True,False,0
15235,156,1,143,0,1149057.67,0,1,False,True,False,0
15367,142,1,66,0,597654.43,0,1,False,True,False,0
15426,196,1,111,0,295747.13,0,1,False,True,False,0
15514,164,1,130,0,308075.0,0,1,False,True,False,0
15589,191,1,30,0,138560.01,0,1,False,True,False,0
15620,142,1,62,0,407515.59,0,1,False,True,False,0
15648,143,1,27,0,72246.72,0,1,False,True,False,0
15724,140,1,12,0,208361.28,0,1,False,True,False,0
15759,157,1,7,0,36846.4,0,1,False,True,False,0
15777,179,1,21,0,574526.51,0,1,False,True,False,0
15898,159,1,72,0,233554.44,0,1,False,True,False,0
15973,174,1,6,0,100664.79999999999,0,1,False,True,False,0
16010,184,1,79,0,255550.85,0,1,False,True,False,0
16037,208,1,38,0,314377.14,0,1,False,True,False,0
16043,150,1,31,0,423460.2,0,1,False,True,False,0
16094,152,1,20,0,144455.22,0,1,False,True,False,0
16163,163,1,7,0,43344.98000000001,0,1,False,True,False,0
16217,174,1,19,0,139148.00999999998,0,1,False,True,False,0
16226,142,1,8,0,122322.66,0,1,False,True,False,0
16297,151,1,23,0,149531.95,0,1,False,True,False,0
16306,152,1,44,0,255062.39,0,1,False,True,False,0
16378,186,1,23,0,143784.98,0,1,False,True,False,0
16497,142,1,87,0,653497.61,0,1,False,True,False,0
16539,158,1,38,0,583370.1799999999,0,1,False,True,False,0
16554,142,1,33,0,67462.36,0,1,False,True,False,0
16618,142,1,55,0,754923.16,0,1,False,True,False,0
16676,143,1,67,0,231523.45,0,1,False,True,False,0
16716,205,1,3,0,32956.0,0,1,False,True,False,0
16730,173,1,39,0,428008.76,0,1,False,True,False,0
16748,156,1,34,0,457779.48,0,1,False,True,False,0
16770,175,1,101,0,333522.21,0,1,False,True,False,0
16905,175,1,57,0,483060.29,0,1,False,True,False,0
16943,150,1,33,0,22294.93,0,1,False,True,False,0
16997,226,1,12,0,618687.7,0,1,False,True,False,0
17019,200,1,158,0,513825.66,0,1,False,True,False,0
17035,184,1,32,0,386809.41,0,1,False,True,False,0
17075,192,1,65,0,195566.38999999998,0,1,False,True,False,0
17230,203,1,73,0,1919068.24,0,1,False,True,False,0
17262,166,1,10,0,229561.30000000002,0,1,False,True,False,0
17288,146,1,26,0,192748.78,0,1,False,True,False,0
17504,145,1,140,0,751572.85,0,1,False,True,False,0
17515,145,1,77,0,103029.65,0,1,False,True,False,0
17526,143,1,13,0,20073.620000000003,0,1,False,True,False,0
17548,156,1,17,0,-73794.24,0,1,False,True,False,0
17580,191,1,45,0,84959.35,0,1,False,True,False,0
17646,158,1,54,0,150647.46,0,1,False,True,False,0
17744,189,1,62,0,948907.78,0,1,False,True,False,0
17770,137,1,36,0,193881.67,0,1,False,True,False,0
17849,157,1,26,0,243120.86999999997,0,1,False,True,False,0
17856,172,1,11,0,247882.38,0,1,False,True,False,0
17955,137,1,19,0,146474.58000000002,0,1,False,True,False,0
17990,175,1,29,0,289771.82,0,1,False,True,False,0
18179,191,1,54,0,651329.01,0,1,False,True,False,0
18183,156,1,44,0,304577.39,0,1,False,True,False,0
18218,145,1,23,0,273609.35,0,1,False,True,False,0
18239,157,1,88,0,837544.15,0,1,False,True,False,0
15808,245,0,197,1,1513275.25,0,1,False,True,False,0
17850,241,0,308,1,2988414.82,0,1,False,True,False,0
12472,77,2,294,1,1622915.06,0,3,False,False,True,0
12766,88,2,227,1,1866680.3800000001,0,3,False,False,True,0
13184,69,2,160,1,1277266.23,0,3,False,False,True,0
13230,77,2,440,1,1156310.77,0,3,False,False,True,0
13451,64,2,363,1,1469705.97,0,3,False,False,True,0
13869,62,2,304,1,1236190.53,0,3,False,False,True,0
13975,67,2,210,1,817787.07,0,3,False,False,True,0
14016,93,2,162,1,1252496.55,0,3,False,False,True,0
14049,97,2,277,1,1462459.8800000001,0,3,False,False,True,0
14085,80,2,345,1,2076813.51,0,3,False,False,True,0
14426,79,2,210,1,863254.34,0,3,False,False,True,0
14461,86,2,180,1,891621.5299999999,0,3,False,False,True,0
14573,118,2,233,1,467115.01,0,3,False,False,True,0
14583,83,2,213,1,502813.02,0,3,False,False,True,0
14587,123,2,350,1,823861.15,0,3,False,False,True,0
14701,111,2,249,1,572271.66,0,3,False,False,True,0
14903,60,2,299,1,1081347.02,0,3,False,False,True,0
15379,108,2,196,1,2551543.61,0,3,False,False,True,0
15493,88,2,192,1,253743.34,0,3,False,False,True,0
15532,70,2,204,1,224576.22,0,3,False,False,True,0
15544,58,2,201,1,2092022.91,0,3,False,False,True,0
15570,80,2,245,1,1093062.38,0,3,False,False,True,0
15644,105,2,232,1,402463.89,0,3,False,False,True,0
15708,73,2,230,1,1327392.5999999999,0,3,False,False,True,0
16919,95,2,326,1,1862031.5,0,3,False,False,True,0
16938,118,2,215,1,624733.3,0,3,False,False,True,0
16942,75,2,196,1,847738.75,0,3,False,False,True,0
17085,62,2,188,1,923612.37,0,3,False,False,True,0
17126,91,2,250,1,671334.38,0,3,False,False,True,0
17284,59,2,264,1,657910.1900000001,0,3,False,False,True,0
17337,90,2,526,1,864408.24,0,3,False,False,True,0
17364,76,2,223,1,831562.01,0,3,False,False,True,0
17372,105,2,197,1,540253.62,0,3,False,False,True,0
17400,65,2,206,1,763014.77,0,3,False,False,True,0
17472,130,2,174,1,258749.93,0,3,False,False,True,0
17589,89,2,181,1,875393.74,0,3,False,False,True,0
17769,77,2,174,1,1098514.3599999999,0,3,False,False,True,0
12428,47,3,285,1,2216068.73,0,4,False,False,True,0
12474,18,3,274,1,1812439.68,0,4,False,False,True,2
12477,2,3,231,1,2447804.05,0,4,False,False,True,2
12481,4,3,205,1,1348059.23,0,4,False,False,True,1
12484,6,3,283,1,1480437.74,0,4,False,False,True,1
12490,32,3,165,1,1819966.71,0,4,False,False,True,0
12517,12,3,205,1,765019.07,0,4,False,False,True,1
12567,35,3,382,1,2233332.1,0,4,False,False,True,0
12583,9,3,185,1,2372184.05,0,4,False,False,True,2
12621,20,3,378,1,3166685.73,0,4,False,False,True,1
12626,3,3,280,1,1974147.6500000001,0,4,False,False,True,1
12627,3,3,201,1,1673456.94,0,4,False,False,True,0
12637,6,3,386,1,1926797.67,0,4,False,False,True,0
12682,20,3,388,1,3052530.32,0,4,False,False,True,2
12683,31,3,282,1,2474236.79,0,4,False,False,True,1
12700,4,3,212,1,1221862.24,0,4,False,False,True,0
12705,5,3,258,1,2398922.85,0,4,False,False,True,1
12709,10,3,205,1,2696570.13,0,4,False,False,True,2
12714,45,3,190,1,1594083.74,0,4,False,False,True,0
12720,4,3,281,1,2280825.31,0,4,False,False,True,2
12749,52,3,160,1,400766.35,0,4,False,False,True,0
12757,3,3,344,1,1389712.6199999999,0,4,False,False,True,2
12841,4,3,348,1,1246163.51,0,4,False,False,True,2
12867,35,3,439,1,2706022.1,0,4,False,False,True,0
12949,53,3,183,1,2741931.24,0,4,False,False,True,0
12957,6,3,165,1,1193022.42,0,4,False,False,True,1
13004,2,3,336,1,3182529.34,0,4,False,False,True,2
13013,3,3,188,1,1616646.66,0,4,False,False,True,1
13050,38,3,341,1,2677007.63,0,4,False,False,True,1
13097,16,3,410,1,1517108.27,0,4,False,False,True,1
13102,20,3,273,1,2235124.99,0,4,False,False,True,1
13113,0,3,262,1,2947618.13,0,4,False,False,True,2
13124,28,3,222,1,2116181.34,0,4,False,False,True,0
13137,30,3,390,1,1083389.08,0,4,False,False,True,0
13148,46,3,262,1,1270920.84,0,4,False,False,True,0
13178,12,3,239,1,2811215.4299999997,0,4,False,False,True,1
13198,2,3,205,1,1845638.3800000001,0,4,False,False,True,0
13209,46,3,246,1,1972083.2,0,4,False,False,True,0
13232,37,3,164,1,452298.26,0,4,False,False,True,0
13268,23,3,342,1,2081388.42,0,4,False,False,True,1
13269,5,3,255,1,1607281.24,0,4,False,False,True,2
13334,21,3,265,1,2036522.1199999999,0,4,False,False,True,0
13418,18,3,282,1,1458149.18,0,4,False,False,True,2
13448,18,3,165,1,1015805.51,0,4,False,False,True,0
13468,4,3,259,1,2925262.15,0,4,False,False,True,2
13505,6,3,227,1,1454276.32,0,4,False,False,True,0
13527,28,3,176,1,1041305.6,0,4,False,False,True,0
13534,39,3,270,1,2157058.71,0,4,False,False,True,1
13571,7,3,213,1,978599.77,0,4,False,False,True,1
13610,49,3,163,1,98695.53,0,4,False,False,True,0
13700,31,3,176,1,1669762.36,0,4,False,False,True,1
13709,4,3,209,1,1747667.39,0,4,False,False,True,2
13742,28,3,268,1,961329.09,0,4,False,False,True,0
13764,9,3,207,1,511883.31,0,4,False,False,True,0
13842,11,3,173,1,1041402.84,0,4,False,False,True,2
13871,23,3,246,1,2127108.77,0,4,False,False,True,1
13969,46,3,344,1,1746868.31,0,4,False,False,True,1
13985,10,3,204,1,1200200.43,0,4,False,False,True,2
13988,2,3,181,1,2191912.13,0,4,False,False,True,2
13999,3,3,171,1,1070224.65,0,4,False,False,True,1
14030,28,3,184,1,575460.05,0,4,False,False,True,0
14040,0,3,231,1,1485578.47,0,4,False,False,True,2
14044,42,3,182,1,179149.96,0,4,False,False,True,0
14057,5,3,276,1,1345041.69,0,4,False,False,True,1
14060,18,3,174,1,2615078.35,0,4,False,False,True,1
14092,2,3,176,1,983349.23,0,4,False,False,True,1
14099,4,3,221,1,1563708.5,0,4,False,False,True,1
14146,20,3,172,1,355799.07,0,4,False,False,True,0
14180,30,3,224,1,553309.28,0,4,False,False,True,1
14189,35,3,190,1,2495423.99,0,4,False,False,True,0
14221,19,3,171,1,1357353.9,0,4,False,False,True,1
14227,24,3,166,1,1641022.3699999999,0,4,False,False,True,1
14291,5,3,183,1,1062407.5,0,4,False,False,True,2
14307,27,3,180,1,1513932.59,0,4,False,False,True,0
14329,47,3,200,1,2097384.53,0,4,False,False,True,0
14367,14,3,436,1,2828939.49,0,4,False,False,True,1
14395,11,3,261,1,1400526.17,0,4,False,False,True,2
14410,31,3,259,1,223966.89,0,4,False,False,True,0
14415,0,3,407,1,2047621.21,0,4,False,False,True,2
14449,3,3,203,1,522883.86,0,4,False,False,True,1
14456,12,3,575,1,1016121.6,0,4,False,False,True,1
14462,2,3,239,1,926176.29,0,4,False,False,True,0
14472,42,3,265,1,1496080.95,0,4,False,False,True,0
14502,7,3,411,1,661143.63,0,4,False,False,True,1
14505,48,3,518,1,1531381.94,0,4,False,False,True,0
14506,5,3,227,1,325256.37,0,4,False,False,True,1
14524,10,3,195,1,663095.89,0,4,False,False,True,1
14525,39,3,197,1,2457727.17,0,4,False,False,True,0
14527,3,3,739,1,1233663.55,0,4,False,False,True,2
14530,32,3,186,1,926379.12,0,4,False,False,True,0
14534,4,3,481,1,861454.54,0,4,False,False,True,2
14546,16,3,278,1,645260.96,0,4,False,False,True,1
14562,16,3,261,1,1103905.17,0,4,False,False,True,1
14572,49,3,210,1,762175.36,0,4,False,False,True,0
14659,17,3,208,1,1340829.41,0,4,False,False,True,1
14684,20,3,206,1,243518.79,0,4,False,False,True,1
14688,9,3,289,1,2588153.86,0,4,False,False,True,2
14702,2,3,200,1,465072.01,0,4,False,False,True,2
14709,9,3,170,1,1980004.8599999999,0,4,False,False,True,1
14711,30,3,272,1,994760.41,0,4,False,False,True,0
14713,37,3,275,1,1437888.1,0,4,False,False,True,0
14730,4,3,398,1,596807.52,0,4,False,False,True,0
14735,20,3,160,1,761213.78,0,4,False,False,True,0
14755,12,3,167,1,1428410.1,0,4,False,False,True,1
14800,14,3,353,1,1571352.4,0,4,False,False,True,2
14808,12,3,217,1,931339.5700000001,0,4,False,False,True,1
14810,42,3,226,1,820073.22,0,4,False,False,True,0
14895,30,3,373,1,2652752.74,0,4,False,False,True,1
14936,4,3,300,1,2914741.84,0,4,False,False,True,1
14961,20,3,279,1,2857083.34,0,4,False,False,True,0
14978,11,3,214,1,597923.25,0,4,False,False,True,0
15021,25,3,342,1,500509.89,0,4,False,False,True,0
15023,55,3,416,1,1750529.68,0,4,False,False,True,0
15033,48,3,279,1,860585.95,0,4,False,False,True,0
15034,9,3,287,1,962016.6799999999,0,4,False,False,True,1
15044,5,3,334,1,2308233.2,0,4,False,False,True,1
15058,20,3,181,1,956859.31,0,4,False,False,True,1
15059,46,3,185,1,474355.73,0,4,False,False,True,0
15114,9,3,162,1,1286108.23,0,4,False,False,True,1
15150,9,3,284,1,1707976.45,0,4,False,False,True,1
15249,4,3,338,1,2929166.61,0,4,False,False,True,1
15301,6,3,208,1,1931525.64,0,4,False,False,True,2
15356,10,3,471,1,1093519.89,0,4,False,False,True,1
15382,23,3,250,1,1894243.72,0,4,False,False,True,0
15416,3,3,193,1,2032592.29,0,4,False,False,True,0
15502,5,3,207,1,2642865.07,0,4,False,False,True,1
15518,3,3,216,1,678776.23,0,4,False,False,True,0
15521,33,3,174,1,785142.36,0,4,False,False,True,0
15529,5,3,585,1,1791782.58,0,4,False,False,True,1
15555,7,3,658,1,2181919.29,0,4,False,False,True,2
15622,18,3,184,1,1418391.23,0,4,False,False,True,1
15701,7,3,201,1,471066.15,0,4,False,False,True,0
15727,46,3,262,1,1746221.12,0,4,False,False,True,0
15750,11,3,207,1,831602.5,0,4,False,False,True,1
15752,32,3,340,1,1575629.01,0,4,False,False,True,0
15756,0,3,191,1,186164.19,0,4,False,False,True,0
15764,20,3,188,1,1026900.26,0,4,False,False,True,0
15804,3,3,201,1,1368612.82,0,4,False,False,True,1
15805,3,3,217,1,1990042.8800000001,0,4,False,False,True,2
15834,9,3,272,1,521405.55,0,4,False,False,True,0
15867,9,3,384,1,1521309.39,0,4,False,False,True,1
15910,3,3,200,1,387621.54,0,4,False,False,True,1
15984,9,3,207,1,1120959.39,0,4,False,False,True,0
15998,26,3,421,1,1374018.18,0,4,False,False,True,1
16007,7,3,320,1,922301.51,0,4,False,False,True,2
16011,10,3,178,1,1473906.17,0,4,False,False,True,1
16059,4,3,178,1,460462.9,0,4,False,False,True,0
16081,26,3,170,1,1996859.71,0,4,False,False,True,1
16115,11,3,219,1,621999.13,0,4,False,False,True,1
16145,12,3,190,1,1520041.08,0,4,False,False,True,1
16161,17,3,335,1,1335414.64,0,4,False,False,True,2
16186,5,3,189,1,2191063.08,0,4,False,False,True,2
16241,35,3,497,1,841353.93,0,4,False,False,True,1
16255,34,3,234,1,819517.27,0,4,False,False,True,0
16265,49,3,193,1,1496578.97,0,4,False,False,True,0
16326,0,3,219,1,454579.81,0,4,False,False,True,2
16327,19,3,267,1,2213337.69,0,4,False,False,True,0
16348,17,3,184,1,386488.89,0,4,False,False,True,1
16360,5,3,213,1,498734.96,0,4,False,False,True,1
16370,21,3,221,1,555428.02,0,4,False,False,True,0
16393,33,3,220,1,391924.23,0,4,False,False,True,1
16409,26,3,175,1,879786.83,0,4,False,False,True,0
16474,5,3,203,1,309736.08,0,4,False,False,True,2
16523,2,3,233,1,2133362.58,0,4,False,False,True,2
16549,28,3,214,1,617753.8099999999,0,4,False,False,True,1
16550,47,3,261,1,1144164.66,0,4,False,False,True,0
16556,5,3,207,1,1821484.46,0,4,False,False,True,0
16558,2,3,342,1,3046071.56,0,4,False,False,True,2
16609,20,3,225,1,1743550.0,0,4,False,False,True,0
16655,14,3,225,1,857088.59,0,4,False,False,True,1
16670,26,3,210,1,1701542.58,0,4,False,False,True,1
16686,36,3,420,1,1128158.05,0,4,False,False,True,1
16700,19,3,277,1,1954339.3,0,4,False,False,True,0
16710,13,3,337,1,708653.36,0,4,False,False,True,0
16712,33,3,294,1,611035.2999999999,0,4,False,False,True,0
16713,5,3,523,1,2394266.39,0,4,False,False,True,1
16719,13,3,160,1,741128.45,0,4,False,False,True,0
16722,4,3,196,1,2590229.17,0,4,False,False,True,2
16743,51,3,168,1,2530370.06,0,4,False,False,True,0
16746,14,3,372,1,2324878.2600000002,0,4,False,False,True,1
16755,53,3,171,1,761664.34,0,4,False,False,True,0
16764,2,3,336,1,707867.32,0,4,False,False,True,1
16767,32,3,187,1,2211050.93,0,4,False,False,True,0
16771,14,3,239,1,1148802.15,0,4,False,False,True,1
16782,2,3,168,1,667005.13,0,4,False,False,True,1
16794,28,3,180,1,523535.37,0,4,False,False,True,1
16813,17,3,359,1,1539905.78,0,4,False,False,True,1
16818,10,3,184,1,1404444.64,0,4,False,False,True,0
16873,0,3,208,1,2051990.0,0,4,False,False,True,2
16904,33,3,562,1,1001015.46,0,4,False,False,True,0
16910,2,3,296,1,360933.05,0,4,False,False,True,2
16923,7,3,461,1,2529791.5,0,4,False,False,True,1
16928,19,3,208,1,1040009.24,0,4,False,False,True,0
16931,0,3,655,1,2162256.77,0,4,False,False,True,2
16945,24,3,191,1,1922443.25,0,4,False,False,True,1
16984,16,3,411,1,2297272.8,0,4,False,False,True,0
17017,11,3,213,1,2554581.5300000003,0,4,False,False,True,2
17049,23,3,173,1,1442299.98,0,4,False,False,True,1
17050,35,3,308,1,630163.97,0,4,False,False,True,0
17059,49,3,368,1,1213311.05,0,4,False,False,True,0
17068,3,3,251,1,1380430.93,0,4,False,False,True,2
17160,48,3,191,1,2224195.7600000002,0,4,False,False,True,0
17191,33,3,181,1,470481.29,0,4,False,False,True,0
17218,9,3,177,1,313407.18,0,4,False,False,True,1
17220,10,3,388,1,771763.7,0,4,False,False,True,1
17228,2,3,171,1,596900.33,0,4,False,False,True,1
17231,2,3,400,1,1232156.58,0,4,False,False,True,1
17238,23,3,377,1,829607.7,0,4,False,False,True,1
17243,17,3,268,1,1331097.06,0,4,False,False,True,1
17315,14,3,405,1,2549644.88,0,4,False,False,True,2
17338,53,3,558,1,2211180.12,0,4,False,False,True,0
17346,42,3,250,1,630126.53,0,4,False,False,True,1
17365,26,3,349,1,2160453.57,0,4,False,False,True,1
17377,13,3,204,1,1186186.25,0,4,False,False,True,2
17426,30,3,226,1,2448666.49,0,4,False,False,True,0
17449,26,3,179,1,776235.91,0,4,False,False,True,1
17530,23,3,303,1,754319.38,0,4,False,False,True,1
17576,11,3,305,1,986662.17,0,4,False,False,True,1
17581,11,3,350,1,3011000.35,0,4,False,False,True,1
17585,48,3,208,1,880367.11,0,4,False,False,True,0
17593,30,3,166,1,1144301.86,0,4,False,False,True,0
17596,2,3,213,1,2499525.2600000002,0,4,False,False,True,2
17602,24,3,219,1,1474809.7,0,4,False,False,True,1
17611,2,3,510,1,1377115.22,0,4,False,False,True,1
17613,20,3,279,1,1773353.6099999999,0,4,False,False,True,1
17634,31,3,233,1,576794.03,0,4,False,False,True,1
17651,3,3,169,1,1783173.76,0,4,False,False,True,2
17652,2,3,214,1,1483162.46,0,4,False,False,True,2
17673,5,3,194,1,816161.87,0,4,False,False,True,0
17686,19,3,252,1,1671475.86,0,4,False,False,True,0
17690,4,3,193,1,1501500.6199999999,0,4,False,False,True,2
17706,39,3,319,1,2390422.42,0,4,False,False,True,1
17716,14,3,238,1,2019225.1,0,4,False,False,True,1
17719,14,3,259,1,968877.27,0,4,False,False,True,1
17725,9,3,162,1,1689626.14,0,4,False,False,True,1
17757,9,3,499,1,1476239.4,0,4,False,False,True,2
17758,18,3,274,1,653365.16,0,4,False,False,True,1
17790,0,3,160,1,779266.67,0,4,False,False,True,1
17799,38,3,339,1,1072531.56,0,4,False,False,True,0
17811,0,3,566,1,1886442.96,0,4,False,False,True,2
17894,10,3,192,1,497685.2,0,4,False,False,True,0
17920,17,3,346,1,1320053.05,0,4,False,False,True,1
17954,7,3,420,1,2380886.42,0,4,False,False,True,0
17961,9,3,242,1,302019.85,0,4,False,False,True,1
17965,30,3,280,1,857805.1900000001,0,4,False,False,True,1
17975,2,3,267,1,2802419.14,0,4,False,False,True,1
17997,13,3,178,1,1195898.17,0,4,False,False,True,0
18041,9,3,372,1,2360759.2,0,4,False,False,True,1
18055,23,3,249,1,2468691.62,0,4,False,False,True,1
18069,27,3,374,1,852348.74,0,4,False,False,True,0
18109,2,3,355,1,2944910.29,0,4,False,False,True,2
18116,6,3,368,1,600820.46,0,4,False,False,True,0
18204,9,3,194,1,741593.6,0,4,False,False,True,0
18223,4,3,235,1,2663872.87,0,4,False,False,True,1
18225,11,3,202,1,2178230.4,0,4,False,False,True,1
18226,16,3,210,1,2831955.7,0,4,False,False,True,1
18283,34,3,424,1,649194.28,0,4,False,False,True,0
12539,201,1,231,1,980010.04,0,2,False,True,False,0
18125,140,1,166,1,673521.79,0,2,False,True,False,0
14056,5,3,859,2,1498355.41,0,5,True,False,False,2
14096,6,3,1168,2,2622788.93,0,5,True,False,False,2
14159,20,3,803,2,2210168.06,0,5,True,False,False,1
15719,2,3,841,2,2691407.7,0,5,True,False,False,1
16033,5,3,911,2,1700966.22,0,5,True,False,False,1
18118,16,3,965,2,2369729.31,0,5,True,False,False,1
12557,97,2,29,0,4923029.44,1,3,False,False,True,0
13802,77,2,65,0,4118349.29,1,3,False,False,True,0
16553,102,2,86,0,4467435.34,1,3,False,False,True,0
12409,17,3,114,0,4090998.57,1,4,False,False,True,0
12830,30,3,37,0,6193733.05,1,4,False,False,True,0
12901,20,3,99,0,11409968.699999997,1,4,False,False,True,1
12939,3,3,47,0,5589926.2,1,4,False,False,True,0
12989,5,3,38,0,3297538.02,1,4,False,False,True,2
13316,18,3,70,0,8077678.710000001,1,4,False,False,True,1
13324,28,3,67,0,3515670.57,1,4,False,False,True,0
13340,44,3,112,0,3279070.54,1,4,False,False,True,0
13576,10,3,82,0,6409213.49,1,4,False,False,True,2
13629,2,3,53,0,5351153.72,1,4,False,False,True,1
13777,2,3,152,0,19611636.71,1,4,False,False,True,2
13881,5,3,146,0,6769726.43,1,4,False,False,True,2
14062,10,3,97,0,6571871.1899999995,1,4,False,False,True,0
14101,12,3,35,0,4940779.17,1,4,False,False,True,0
14110,5,3,138,0,3388847.82,1,4,False,False,True,1
14258,28,3,104,0,7152982.62,1,4,False,False,True,0
14609,11,3,4,0,3810368.2800000003,1,4,False,False,True,0
15093,55,3,100,0,4741662.29,1,4,False,False,True,0
15125,51,3,131,0,3875177.17,1,4,False,False,True,0
15939,28,3,77,0,4901884.09,1,4,False,False,True,0
16013,6,3,95,0,11732047.549999999,1,4,False,False,True,1
16182,11,3,28,0,4013520.25,1,4,False,False,True,0
16210,2,3,79,0,7165332.02,1,4,False,False,True,1
16333,5,3,40,0,13905774.28,1,4,False,False,True,1
16656,18,3,68,0,6271317.49,1,4,False,False,True,1
17133,26,3,22,0,4005916.33,1,4,False,False,True,0
17381,5,3,105,0,11538580.84,1,4,False,False,True,1
17404,26,3,157,0,12543009.77,1,4,False,False,True,1
17940,47,3,21,0,4384751.14,1,4,False,False,True,0
18073,53,3,75,0,5943220.789999999,1,4,False,False,True,0
18092,25,3,68,0,3681331.42,1,4,False,False,True,1
18094,20,3,70,0,3586049.16,1,4,False,False,True,0
18144,16,3,37,0,5577277.759999999,1,4,False,False,True,1
18198,10,3,143,0,5879885.97,1,4,False,False,True,1
12744,83,2,187,1,4181625.02,1,4,False,False,True,0
13001,97,2,302,1,7696132.37,1,4,False,False,True,0
14088,67,2,296,1,5661210.85,1,4,False,False,True,0
12431,3,3,218,1,3539846.18,1,5,True,False,False,2
12433,30,3,228,1,3795194.78,1,5,True,False,False,1
12451,4,3,295,1,4009296.2,1,5,True,False,False,1
12471,4,3,369,1,3494881.17,1,5,True,False,False,2
12540,2,3,389,1,5765250.87,1,5,True,False,False,2
12681,12,3,519,1,4821505.49,1,5,True,False,False,1
12731,9,3,238,1,11244009.739999998,1,5,True,False,False,2
12753,47,3,191,1,5471608.52,1,5,True,False,False,0
12839,10,3,203,1,3907181.98,1,5,True,False,False,1
12921,23,3,544,1,8399143.89,1,5,True,False,False,1
12971,4,3,235,1,5223683.18,1,5,True,False,False,2
13018,3,3,393,1,3701391.22,1,5,True,False,False,1
13069,38,3,387,1,7234324.0200000005,1,5,True,False,False,1
13078,3,3,310,1,8699558.219999999,1,5,True,False,False,2
13098,26,3,426,1,5689566.64,1,5,True,False,False,1
13319,5,3,425,1,3904159.73,1,5,True,False,False,1
13408,5,3,387,1,9948811.5,1,5,True,False,False,2
13458,4,3,323,1,5499741.96,1,5,True,False,False,1
13488,11,3,345,1,3417135.91,1,5,True,False,False,1
13668,52,3,347,1,4148187.36,1,5,True,False,False,0
13767,2,3,357,1,6276471.93,1,5,True,False,False,2
14031,5,3,203,1,8410516.49,1,5,True,False,False,2
14194,9,3,394,1,3535993.19,1,5,True,False,False,2
14667,13,3,448,1,4876309.03,1,5,True,False,False,1
14680,10,3,313,1,15615345.99,1,5,True,False,False,1
14733,49,3,202,1,4358868.3,1,5,True,False,False,0
14849,3,3,337,1,5131171.54,1,5,True,False,False,2
15046,5,3,174,1,4642065.0,1,5,True,False,False,2
15061,3,3,342,1,14873830.36,1,5,True,False,False,2
15078,13,3,363,1,4688400.35,1,5,True,False,False,2
15159,5,3,472,1,6318062.88,1,5,True,False,False,2
15189,30,3,197,1,3549386.4499999997,1,5,True,False,False,1
15194,11,3,262,1,3766728.17,1,5,True,False,False,1
15358,11,3,454,1,4015667.97,1,5,True,False,False,1
15498,18,3,418,1,4155421.01,1,5,True,False,False,1
15513,25,3,258,1,3855344.8,1,5,True,False,False,1
15547,7,3,556,1,3403274.43,1,5,True,False,False,1
15601,17,3,355,1,3686389.15,1,5,True,False,False,1
15615,2,3,350,1,4676244.27,1,5,True,False,False,2
15640,17,3,367,1,6955616.829999999,1,5,True,False,False,1
15856,3,3,482,1,8122497.28,1,5,True,False,False,2
16133,2,3,265,1,5337939.85,1,5,True,False,False,2
16180,38,3,176,1,4146382.46,1,5,True,False,False,0
16187,14,3,268,1,4188752.19,1,5,True,False,False,1
16525,18,3,177,1,6066002.29,1,5,True,False,False,1
16705,13,3,197,1,3478003.61,1,5,True,False,False,1
16729,9,3,532,1,3408914.19,1,5,True,False,False,2
16745,25,3,356,1,8916582.68,1,5,True,False,False,0
16779,9,3,261,1,4794121.2,1,5,True,False,False,1
16814,3,3,297,1,3945175.4499999997,1,5,True,False,False,2
16839,2,3,253,1,6809563.779999999,1,5,True,False,False,2
16843,4,3,366,1,4548024.2,1,5,True,False,False,1
17107,14,3,337,1,4278899.84,1,5,True,False,False,1
17139,2,3,437,1,3307939.13,1,5,True,False,False,1
17340,16,3,297,1,4014766.76,1,5,True,False,False,1
17416,16,3,219,1,3772456.86,1,5,True,False,False,1
17428,3,3,325,1,4341401.2299999995,1,5,True,False,False,2
17675,5,3,551,1,9335106.69,1,5,True,False,False,2
17677,20,3,240,1,7305338.739999999,1,5,True,False,False,1
17735,4,3,611,1,5018512.44,1,5,True,False,False,1
17865,18,3,320,1,6088251.82,1,5,True,False,False,1
18172,2,3,165,1,3513786.0,1,5,True,False,False,1
13093,205,1,170,1,3724495.46,1,3,False,False,True,0
13081,67,2,779,2,10326989.04,1,5,True,False,False,0
12748,0,3,2428,2,9905262.13,1,6,True,False,False,2
13263,5,3,1304,2,3862220.67,1,6,True,False,False,2
14606,5,3,2211,2,4627862.0,1,6,True,False,False,2
14769,16,3,1041,2,4406437.76,1,6,True,False,False,0
14796,33,3,922,2,7704316.1,1,6,True,False,False,1
15005,2,3,959,2,3228468.08,1,6,True,False,False,2
15039,4,3,1349,2,8414297.15,1,6,True,False,False,2
17841,2,3,5209,3,11967061.62,1,7,True,False,False,2
12931,6,3,85,0,40770782.47,2,5,True,False,False,1
13027,52,3,26,0,25054531.2,2,5,True,False,False,0
15769,3,3,127,0,28240386.72,2,5,True,False,False,2
17949,9,3,65,0,23444299.990000002,2,5,True,False,False,2
12415,4,3,743,1,37156251.06,2,6,True,False,False,1
13694,10,3,490,1,34826564.56,2,6,True,False,False,2
13798,2,3,377,1,37670061.18,2,6,True,False,False,2
16029,2,3,228,1,49834666.24,2,6,True,False,False,2
16422,3,3,336,1,31025422.23,2,6,True,False,False,2
16684,4,3,220,1,25936505.89,2,6,True,False,False,2
17450,9,3,265,1,53690930.75,2,6,True,False,False,1
18102,5,3,338,1,47203139.47,2,6,True,False,False,2
13089,3,3,1557,2,28392902.95,2,7,True,False,False,2
14156,9,3,1233,2,39792179.9,2,7,True,False,False,2
14298,11,3,1384,2,31165016.85,2,7,True,False,False,2
15311,1,3,1990,2,33695313.089999996,2,7,True,False,False,2
17511,3,3,836,2,41970354.769999996,2,7,True,False,False,2
14911,2,3,3865,3,30912649.77,2,8,True,False,False,2
14646,3,3,1589,2,107435180.62,3,8,True,False,False,2
